lambda_memory,model_name,hardware,framework,total_time,load_time,lambda_time
512, vgg19, intel, mxnet, 29.27, {"message": "Endpoint request timed out"}
512, vgg19, intel, mxnet, 29.24, {"message": "Endpoint request timed out"}
512, vgg19, intel, mxnet, 29.27, {"message": "Endpoint request timed out"}
512, vgg19, intel, mxnet, 29.25, {"message": "Endpoint request timed out"}
512, vgg19, intel, mxnet, 29.30, {"message": "Endpoint request timed out"}
512, vgg19, intel, mxnet, 23.59, {"errorMessage":"RequestId: 6c4ad37d-66e3-4954-b656-1bf7ebf17957 Error: Runtime exited with error: signal: killed","errorType":"Runtime.ExitError"}
512, vgg19, intel, mxnet, 29.33, {"message": "Endpoint request timed out"}
512, vgg19, intel, mxnet, 29.27, {"message": "Endpoint request timed out"}
512, vgg19, intel, mxnet, 18.645, {"errorMessage": "Traceback (most recent call last):\n File \"../src/ndarray/ndarray.cc\", line 1860\nMXNetError: Check failed: fi->Read(data): Invalid NDArray file format", "errorType": "MXNetError", "stackTrace": [" File \"/var/lang/lib/python3.8/imp.py\", line 234, in load_module\n return load_source(name, filename, file)\n", " File \"/var/lang/lib/python3.8/imp.py\", line 171, in load_source\n module = _load(spec)\n", " File \"<frozen importlib._bootstrap>\", line 702, in _load\n", " File \"<frozen importlib._bootstrap>\", line 671, in _load_unlocked\n", " File \"<frozen importlib._bootstrap_external>\", line 843, in exec_module\n", " File \"<frozen importlib._bootstrap>\", line 219, in _call_with_frames_removed\n", " File \"/var/task/lambda_function.py\", line 34, in <module>\n model = gluon.nn.SymbolBlock.imports(model_json, ['data'], model_params, ctx=ctx)\n", " File \"/var/lang/lib/python3.8/site-packages/mxnet/gluon/block.py\", line 1619, in imports\n ret.collect_params().load(param_file, ctx, allow_missing, ignore_extra, cast_dtype=True,\n", " File \"/var/lang/lib/python3.8/site-packages/mxnet/gluon/parameter.py\", line 1021, in load\n ndarray_load = ndarray.load(filename)\n", " File \"/var/lang/lib/python3.8/site-packages/mxnet/ndarray/utils.py\", line 171, in load\n check_call(_LIB.MXNDArrayLoad(c_str(fname),\n", " File \"/var/lang/lib/python3.8/site-packages/mxnet/base.py\", line 246, in check_call\n raise get_last_ffi_error()\n"]}
512, vgg19, intel, mxnet, 29.24, {"message": "Endpoint request timed out"}
512, vgg19, intel, mxnet, 29.29, {"message": "Endpoint request timed out"}
512, vgg19, intel, mxnet, 29.25, {"message": "Endpoint request timed out"}
512, vgg19, intel, mxnet, 29.28, {"message": "Endpoint request timed out"}
512, vgg19, intel, mxnet, 29.30, {"message": "Endpoint request timed out"}
512, vgg19, intel, mxnet, 16.173, {"errorMessage":"RequestId: 7d272aac-11f3-46b4-af18-a55a515d5312 Error: Runtime exited with error: signal: killed","errorType":"Runtime.ExitError"}
512, vgg19, intel, mxnet, 29.28, {"message": "Endpoint request timed out"}
512, vgg19, intel, mxnet, 29.26, {"message": "Endpoint request timed out"}
512, vgg19, intel, mxnet, 29.29, {"message": "Endpoint request timed out"}
512, vgg19, intel, mxnet, 29.47, {"message": "Endpoint request timed out"}
512, vgg19, intel, mxnet, 29.27, {"message": "Endpoint request timed out"}
512, vgg16, intel, mxnet, 17.625, {"errorMessage": "Traceback (most recent call last):\n File \"../src/storage/./cpu_device_storage.h\", line 74\nMXNetError: Failed to allocate CPU Memory", "errorType": "MXNetError", "stackTrace": [" File \"/var/lang/lib/python3.8/imp.py\", line 234, in load_module\n return load_source(name, filename, file)\n", " File \"/var/lang/lib/python3.8/imp.py\", line 171, in load_source\n module = _load(spec)\n", " File \"<frozen importlib._bootstrap>\", line 702, in _load\n", " File \"<frozen importlib._bootstrap>\", line 671, in _load_unlocked\n", " File \"<frozen importlib._bootstrap_external>\", line 843, in exec_module\n", " File \"<frozen importlib._bootstrap>\", line 219, in _call_with_frames_removed\n", " File \"/var/task/lambda_function.py\", line 34, in <module>\n model = gluon.nn.SymbolBlock.imports(model_json, ['data'], model_params, ctx=ctx)\n", " File \"/var/lang/lib/python3.8/site-packages/mxnet/gluon/block.py\", line 1619, in imports\n ret.collect_params().load(param_file, ctx, allow_missing, ignore_extra, cast_dtype=True,\n", " File \"/var/lang/lib/python3.8/site-packages/mxnet/gluon/parameter.py\", line 1021, in load\n ndarray_load = ndarray.load(filename)\n", " File \"/var/lang/lib/python3.8/site-packages/mxnet/ndarray/utils.py\", line 171, in load\n check_call(_LIB.MXNDArrayLoad(c_str(fname),\n", " File \"/var/lang/lib/python3.8/site-packages/mxnet/base.py\", line 246, in check_call\n raise get_last_ffi_error()\n"]}
512, vgg16, intel, mxnet, 17.786, {"errorMessage": "Traceback (most recent call last):\n File \"../src/storage/./cpu_device_storage.h\", line 74\nMXNetError: Failed to allocate CPU Memory", "errorType": "MXNetError", "stackTrace": [" File \"/var/lang/lib/python3.8/imp.py\", line 234, in load_module\n return load_source(name, filename, file)\n", " File \"/var/lang/lib/python3.8/imp.py\", line 171, in load_source\n module = _load(spec)\n", " File \"<frozen importlib._bootstrap>\", line 702, in _load\n", " File \"<frozen importlib._bootstrap>\", line 671, in _load_unlocked\n", " File \"<frozen importlib._bootstrap_external>\", line 843, in exec_module\n", " File \"<frozen importlib._bootstrap>\", line 219, in _call_with_frames_removed\n", " File \"/var/task/lambda_function.py\", line 34, in <module>\n model = gluon.nn.SymbolBlock.imports(model_json, ['data'], model_params, ctx=ctx)\n", " File \"/var/lang/lib/python3.8/site-packages/mxnet/gluon/block.py\", line 1619, in imports\n ret.collect_params().load(param_file, ctx, allow_missing, ignore_extra, cast_dtype=True,\n", " File \"/var/lang/lib/python3.8/site-packages/mxnet/gluon/parameter.py\", line 1021, in load\n ndarray_load = ndarray.load(filename)\n", " File \"/var/lang/lib/python3.8/site-packages/mxnet/ndarray/utils.py\", line 171, in load\n check_call(_LIB.MXNDArrayLoad(c_str(fname),\n", " File \"/var/lang/lib/python3.8/site-packages/mxnet/base.py\", line 246, in check_call\n raise get_last_ffi_error()\n"]}
512, vgg16, intel, mxnet, 10.30, {"errorMessage": "Traceback (most recent call last):\n File \"../src/storage/./cpu_device_storage.h\", line 74\nMXNetError: Failed to allocate CPU Memory", "errorType": "MXNetError", "stackTrace": [" File \"/var/lang/lib/python3.8/imp.py\", line 234, in load_module\n return load_source(name, filename, file)\n", " File \"/var/lang/lib/python3.8/imp.py\", line 171, in load_source\n module = _load(spec)\n", " File \"<frozen importlib._bootstrap>\", line 702, in _load\n", " File \"<frozen importlib._bootstrap>\", line 671, in _load_unlocked\n", " File \"<frozen importlib._bootstrap_external>\", line 843, in exec_module\n", " File \"<frozen importlib._bootstrap>\", line 219, in _call_with_frames_removed\n", " File \"/var/task/lambda_function.py\", line 34, in <module>\n model = gluon.nn.SymbolBlock.imports(model_json, ['data'], model_params, ctx=ctx)\n", " File \"/var/lang/lib/python3.8/site-packages/mxnet/gluon/block.py\", line 1619, in imports\n ret.collect_params().load(param_file, ctx, allow_missing, ignore_extra, cast_dtype=True,\n", " File \"/var/lang/lib/python3.8/site-packages/mxnet/gluon/parameter.py\", line 1021, in load\n ndarray_load = ndarray.load(filename)\n", " File \"/var/lang/lib/python3.8/site-packages/mxnet/ndarray/utils.py\", line 171, in load\n check_call(_LIB.MXNDArrayLoad(c_str(fname),\n", " File \"/var/lang/lib/python3.8/site-packages/mxnet/base.py\", line 246, in check_call\n raise get_last_ffi_error()\n"]}
512, vgg16, intel, mxnet, 9.724, {"errorMessage": "Traceback (most recent call last):\n File \"../src/storage/./cpu_device_storage.h\", line 74\nMXNetError: Failed to allocate CPU Memory", "errorType": "MXNetError", "stackTrace": [" File \"/var/lang/lib/python3.8/imp.py\", line 234, in load_module\n return load_source(name, filename, file)\n", " File \"/var/lang/lib/python3.8/imp.py\", line 171, in load_source\n module = _load(spec)\n", " File \"<frozen importlib._bootstrap>\", line 702, in _load\n", " File \"<frozen importlib._bootstrap>\", line 671, in _load_unlocked\n", " File \"<frozen importlib._bootstrap_external>\", line 843, in exec_module\n", " File \"<frozen importlib._bootstrap>\", line 219, in _call_with_frames_removed\n", " File \"/var/task/lambda_function.py\", line 34, in <module>\n model = gluon.nn.SymbolBlock.imports(model_json, ['data'], model_params, ctx=ctx)\n", " File \"/var/lang/lib/python3.8/site-packages/mxnet/gluon/block.py\", line 1619, in imports\n ret.collect_params().load(param_file, ctx, allow_missing, ignore_extra, cast_dtype=True,\n", " File \"/var/lang/lib/python3.8/site-packages/mxnet/gluon/parameter.py\", line 1021, in load\n ndarray_load = ndarray.load(filename)\n", " File \"/var/lang/lib/python3.8/site-packages/mxnet/ndarray/utils.py\", line 171, in load\n check_call(_LIB.MXNDArrayLoad(c_str(fname),\n", " File \"/var/lang/lib/python3.8/site-packages/mxnet/base.py\", line 246, in check_call\n raise get_last_ffi_error()\n"]}
512, vgg16, intel, mxnet, 9.909, {"errorMessage": "Traceback (most recent call last):\n File \"../src/storage/./cpu_device_storage.h\", line 74\nMXNetError: Failed to allocate CPU Memory", "errorType": "MXNetError", "stackTrace": [" File \"/var/lang/lib/python3.8/imp.py\", line 234, in load_module\n return load_source(name, filename, file)\n", " File \"/var/lang/lib/python3.8/imp.py\", line 171, in load_source\n module = _load(spec)\n", " File \"<frozen importlib._bootstrap>\", line 702, in _load\n", " File \"<frozen importlib._bootstrap>\", line 671, in _load_unlocked\n", " File \"<frozen importlib._bootstrap_external>\", line 843, in exec_module\n", " File \"<frozen importlib._bootstrap>\", line 219, in _call_with_frames_removed\n", " File \"/var/task/lambda_function.py\", line 34, in <module>\n model = gluon.nn.SymbolBlock.imports(model_json, ['data'], model_params, ctx=ctx)\n", " File \"/var/lang/lib/python3.8/site-packages/mxnet/gluon/block.py\", line 1619, in imports\n ret.collect_params().load(param_file, ctx, allow_missing, ignore_extra, cast_dtype=True,\n", " File \"/var/lang/lib/python3.8/site-packages/mxnet/gluon/parameter.py\", line 1021, in load\n ndarray_load = ndarray.load(filename)\n", " File \"/var/lang/lib/python3.8/site-packages/mxnet/ndarray/utils.py\", line 171, in load\n check_call(_LIB.MXNDArrayLoad(c_str(fname),\n", " File \"/var/lang/lib/python3.8/site-packages/mxnet/base.py\", line 246, in check_call\n raise get_last_ffi_error()\n"]}
512, vgg16, intel, mxnet, 9.650, {"errorMessage": "Traceback (most recent call last):\n File \"../src/storage/./cpu_device_storage.h\", line 74\nMXNetError: Failed to allocate CPU Memory", "errorType": "MXNetError", "stackTrace": [" File \"/var/lang/lib/python3.8/imp.py\", line 234, in load_module\n return load_source(name, filename, file)\n", " File \"/var/lang/lib/python3.8/imp.py\", line 171, in load_source\n module = _load(spec)\n", " File \"<frozen importlib._bootstrap>\", line 702, in _load\n", " File \"<frozen importlib._bootstrap>\", line 671, in _load_unlocked\n", " File \"<frozen importlib._bootstrap_external>\", line 843, in exec_module\n", " File \"<frozen importlib._bootstrap>\", line 219, in _call_with_frames_removed\n", " File \"/var/task/lambda_function.py\", line 34, in <module>\n model = gluon.nn.SymbolBlock.imports(model_json, ['data'], model_params, ctx=ctx)\n", " File \"/var/lang/lib/python3.8/site-packages/mxnet/gluon/block.py\", line 1619, in imports\n ret.collect_params().load(param_file, ctx, allow_missing, ignore_extra, cast_dtype=True,\n", " File \"/var/lang/lib/python3.8/site-packages/mxnet/gluon/parameter.py\", line 1021, in load\n ndarray_load = ndarray.load(filename)\n", " File \"/var/lang/lib/python3.8/site-packages/mxnet/ndarray/utils.py\", line 171, in load\n check_call(_LIB.MXNDArrayLoad(c_str(fname),\n", " File \"/var/lang/lib/python3.8/site-packages/mxnet/base.py\", line 246, in check_call\n raise get_last_ffi_error()\n"]}
512, vgg16, intel, mxnet, 10.153, {"errorMessage": "Traceback (most recent call last):\n File \"../src/storage/./cpu_device_storage.h\", line 74\nMXNetError: Failed to allocate CPU Memory", "errorType": "MXNetError", "stackTrace": [" File \"/var/lang/lib/python3.8/imp.py\", line 234, in load_module\n return load_source(name, filename, file)\n", " File \"/var/lang/lib/python3.8/imp.py\", line 171, in load_source\n module = _load(spec)\n", " File \"<frozen importlib._bootstrap>\", line 702, in _load\n", " File \"<frozen importlib._bootstrap>\", line 671, in _load_unlocked\n", " File \"<frozen importlib._bootstrap_external>\", line 843, in exec_module\n", " File \"<frozen importlib._bootstrap>\", line 219, in _call_with_frames_removed\n", " File \"/var/task/lambda_function.py\", line 34, in <module>\n model = gluon.nn.SymbolBlock.imports(model_json, ['data'], model_params, ctx=ctx)\n", " File \"/var/lang/lib/python3.8/site-packages/mxnet/gluon/block.py\", line 1619, in imports\n ret.collect_params().load(param_file, ctx, allow_missing, ignore_extra, cast_dtype=True,\n", " File \"/var/lang/lib/python3.8/site-packages/mxnet/gluon/parameter.py\", line 1021, in load\n ndarray_load = ndarray.load(filename)\n", " File \"/var/lang/lib/python3.8/site-packages/mxnet/ndarray/utils.py\", line 171, in load\n check_call(_LIB.MXNDArrayLoad(c_str(fname),\n", " File \"/var/lang/lib/python3.8/site-packages/mxnet/base.py\", line 246, in check_call\n raise get_last_ffi_error()\n"]}
512, vgg16, intel, mxnet, 10.170, {"errorMessage": "Traceback (most recent call last):\n File \"../src/storage/./cpu_device_storage.h\", line 74\nMXNetError: Failed to allocate CPU Memory", "errorType": "MXNetError", "stackTrace": [" File \"/var/lang/lib/python3.8/imp.py\", line 234, in load_module\n return load_source(name, filename, file)\n", " File \"/var/lang/lib/python3.8/imp.py\", line 171, in load_source\n module = _load(spec)\n", " File \"<frozen importlib._bootstrap>\", line 702, in _load\n", " File \"<frozen importlib._bootstrap>\", line 671, in _load_unlocked\n", " File \"<frozen importlib._bootstrap_external>\", line 843, in exec_module\n", " File \"<frozen importlib._bootstrap>\", line 219, in _call_with_frames_removed\n", " File \"/var/task/lambda_function.py\", line 34, in <module>\n model = gluon.nn.SymbolBlock.imports(model_json, ['data'], model_params, ctx=ctx)\n", " File \"/var/lang/lib/python3.8/site-packages/mxnet/gluon/block.py\", line 1619, in imports\n ret.collect_params().load(param_file, ctx, allow_missing, ignore_extra, cast_dtype=True,\n", " File \"/var/lang/lib/python3.8/site-packages/mxnet/gluon/parameter.py\", line 1021, in load\n ndarray_load = ndarray.load(filename)\n", " File \"/var/lang/lib/python3.8/site-packages/mxnet/ndarray/utils.py\", line 171, in load\n check_call(_LIB.MXNDArrayLoad(c_str(fname),\n", " File \"/var/lang/lib/python3.8/site-packages/mxnet/base.py\", line 246, in check_call\n raise get_last_ffi_error()\n"]}
512, vgg16, intel, mxnet, 10.129, {"errorMessage": "Traceback (most recent call last):\n File \"../src/storage/./cpu_device_storage.h\", line 74\nMXNetError: Failed to allocate CPU Memory", "errorType": "MXNetError", "stackTrace": [" File \"/var/lang/lib/python3.8/imp.py\", line 234, in load_module\n return load_source(name, filename, file)\n", " File \"/var/lang/lib/python3.8/imp.py\", line 171, in load_source\n module = _load(spec)\n", " File \"<frozen importlib._bootstrap>\", line 702, in _load\n", " File \"<frozen importlib._bootstrap>\", line 671, in _load_unlocked\n", " File \"<frozen importlib._bootstrap_external>\", line 843, in exec_module\n", " File \"<frozen importlib._bootstrap>\", line 219, in _call_with_frames_removed\n", " File \"/var/task/lambda_function.py\", line 34, in <module>\n model = gluon.nn.SymbolBlock.imports(model_json, ['data'], model_params, ctx=ctx)\n", " File \"/var/lang/lib/python3.8/site-packages/mxnet/gluon/block.py\", line 1619, in imports\n ret.collect_params().load(param_file, ctx, allow_missing, ignore_extra, cast_dtype=True,\n", " File \"/var/lang/lib/python3.8/site-packages/mxnet/gluon/parameter.py\", line 1021, in load\n ndarray_load = ndarray.load(filename)\n", " File \"/var/lang/lib/python3.8/site-packages/mxnet/ndarray/utils.py\", line 171, in load\n check_call(_LIB.MXNDArrayLoad(c_str(fname),\n", " File \"/var/lang/lib/python3.8/site-packages/mxnet/base.py\", line 246, in check_call\n raise get_last_ffi_error()\n"]}
512, vgg16, intel, mxnet, 9.628, {"errorMessage": "Traceback (most recent call last):\n File \"../src/storage/./cpu_device_storage.h\", line 74\nMXNetError: Failed to allocate CPU Memory", "errorType": "MXNetError", "stackTrace": [" File \"/var/lang/lib/python3.8/imp.py\", line 234, in load_module\n return load_source(name, filename, file)\n", " File \"/var/lang/lib/python3.8/imp.py\", line 171, in load_source\n module = _load(spec)\n", " File \"<frozen importlib._bootstrap>\", line 702, in _load\n", " File \"<frozen importlib._bootstrap>\", line 671, in _load_unlocked\n", " File \"<frozen importlib._bootstrap_external>\", line 843, in exec_module\n", " File \"<frozen importlib._bootstrap>\", line 219, in _call_with_frames_removed\n", " File \"/var/task/lambda_function.py\", line 34, in <module>\n model = gluon.nn.SymbolBlock.imports(model_json, ['data'], model_params, ctx=ctx)\n", " File \"/var/lang/lib/python3.8/site-packages/mxnet/gluon/block.py\", line 1619, in imports\n ret.collect_params().load(param_file, ctx, allow_missing, ignore_extra, cast_dtype=True,\n", " File \"/var/lang/lib/python3.8/site-packages/mxnet/gluon/parameter.py\", line 1021, in load\n ndarray_load = ndarray.load(filename)\n", " File \"/var/lang/lib/python3.8/site-packages/mxnet/ndarray/utils.py\", line 171, in load\n check_call(_LIB.MXNDArrayLoad(c_str(fname),\n", " File \"/var/lang/lib/python3.8/site-packages/mxnet/base.py\", line 246, in check_call\n raise get_last_ffi_error()\n"]}
512, vgg16, intel, mxnet, 9.909, {"errorMessage": "Traceback (most recent call last):\n File \"../src/storage/./cpu_device_storage.h\", line 74\nMXNetError: Failed to allocate CPU Memory", "errorType": "MXNetError", "stackTrace": [" File \"/var/lang/lib/python3.8/imp.py\", line 234, in load_module\n return load_source(name, filename, file)\n", " File \"/var/lang/lib/python3.8/imp.py\", line 171, in load_source\n module = _load(spec)\n", " File \"<frozen importlib._bootstrap>\", line 702, in _load\n", " File \"<frozen importlib._bootstrap>\", line 671, in _load_unlocked\n", " File \"<frozen importlib._bootstrap_external>\", line 843, in exec_module\n", " File \"<frozen importlib._bootstrap>\", line 219, in _call_with_frames_removed\n", " File \"/var/task/lambda_function.py\", line 34, in <module>\n model = gluon.nn.SymbolBlock.imports(model_json, ['data'], model_params, ctx=ctx)\n", " File \"/var/lang/lib/python3.8/site-packages/mxnet/gluon/block.py\", line 1619, in imports\n ret.collect_params().load(param_file, ctx, allow_missing, ignore_extra, cast_dtype=True,\n", " File \"/var/lang/lib/python3.8/site-packages/mxnet/gluon/parameter.py\", line 1021, in load\n ndarray_load = ndarray.load(filename)\n", " File \"/var/lang/lib/python3.8/site-packages/mxnet/ndarray/utils.py\", line 171, in load\n check_call(_LIB.MXNDArrayLoad(c_str(fname),\n", " File \"/var/lang/lib/python3.8/site-packages/mxnet/base.py\", line 246, in check_call\n raise get_last_ffi_error()\n"]}
512, vgg16, intel, mxnet, 9.511, {"errorMessage": "Traceback (most recent call last):\n File \"../src/storage/./cpu_device_storage.h\", line 74\nMXNetError: Failed to allocate CPU Memory", "errorType": "MXNetError", "stackTrace": [" File \"/var/lang/lib/python3.8/imp.py\", line 234, in load_module\n return load_source(name, filename, file)\n", " File \"/var/lang/lib/python3.8/imp.py\", line 171, in load_source\n module = _load(spec)\n", " File \"<frozen importlib._bootstrap>\", line 702, in _load\n", " File \"<frozen importlib._bootstrap>\", line 671, in _load_unlocked\n", " File \"<frozen importlib._bootstrap_external>\", line 843, in exec_module\n", " File \"<frozen importlib._bootstrap>\", line 219, in _call_with_frames_removed\n", " File \"/var/task/lambda_function.py\", line 34, in <module>\n model = gluon.nn.SymbolBlock.imports(model_json, ['data'], model_params, ctx=ctx)\n", " File \"/var/lang/lib/python3.8/site-packages/mxnet/gluon/block.py\", line 1619, in imports\n ret.collect_params().load(param_file, ctx, allow_missing, ignore_extra, cast_dtype=True,\n", " File \"/var/lang/lib/python3.8/site-packages/mxnet/gluon/parameter.py\", line 1021, in load\n ndarray_load = ndarray.load(filename)\n", " File \"/var/lang/lib/python3.8/site-packages/mxnet/ndarray/utils.py\", line 171, in load\n check_call(_LIB.MXNDArrayLoad(c_str(fname),\n", " File \"/var/lang/lib/python3.8/site-packages/mxnet/base.py\", line 246, in check_call\n raise get_last_ffi_error()\n"]}
512, vgg16, intel, mxnet, 9.983, {"errorMessage": "Traceback (most recent call last):\n File \"../src/storage/./cpu_device_storage.h\", line 74\nMXNetError: Failed to allocate CPU Memory", "errorType": "MXNetError", "stackTrace": [" File \"/var/lang/lib/python3.8/imp.py\", line 234, in load_module\n return load_source(name, filename, file)\n", " File \"/var/lang/lib/python3.8/imp.py\", line 171, in load_source\n module = _load(spec)\n", " File \"<frozen importlib._bootstrap>\", line 702, in _load\n", " File \"<frozen importlib._bootstrap>\", line 671, in _load_unlocked\n", " File \"<frozen importlib._bootstrap_external>\", line 843, in exec_module\n", " File \"<frozen importlib._bootstrap>\", line 219, in _call_with_frames_removed\n", " File \"/var/task/lambda_function.py\", line 34, in <module>\n model = gluon.nn.SymbolBlock.imports(model_json, ['data'], model_params, ctx=ctx)\n", " File \"/var/lang/lib/python3.8/site-packages/mxnet/gluon/block.py\", line 1619, in imports\n ret.collect_params().load(param_file, ctx, allow_missing, ignore_extra, cast_dtype=True,\n", " File \"/var/lang/lib/python3.8/site-packages/mxnet/gluon/parameter.py\", line 1021, in load\n ndarray_load = ndarray.load(filename)\n", " File \"/var/lang/lib/python3.8/site-packages/mxnet/ndarray/utils.py\", line 171, in load\n check_call(_LIB.MXNDArrayLoad(c_str(fname),\n", " File \"/var/lang/lib/python3.8/site-packages/mxnet/base.py\", line 246, in check_call\n raise get_last_ffi_error()\n"]}
512, vgg16, intel, mxnet, 10.345, {"errorMessage": "Traceback (most recent call last):\n File \"../src/storage/./cpu_device_storage.h\", line 74\nMXNetError: Failed to allocate CPU Memory", "errorType": "MXNetError", "stackTrace": [" File \"/var/lang/lib/python3.8/imp.py\", line 234, in load_module\n return load_source(name, filename, file)\n", " File \"/var/lang/lib/python3.8/imp.py\", line 171, in load_source\n module = _load(spec)\n", " File \"<frozen importlib._bootstrap>\", line 702, in _load\n", " File \"<frozen importlib._bootstrap>\", line 671, in _load_unlocked\n", " File \"<frozen importlib._bootstrap_external>\", line 843, in exec_module\n", " File \"<frozen importlib._bootstrap>\", line 219, in _call_with_frames_removed\n", " File \"/var/task/lambda_function.py\", line 34, in <module>\n model = gluon.nn.SymbolBlock.imports(model_json, ['data'], model_params, ctx=ctx)\n", " File \"/var/lang/lib/python3.8/site-packages/mxnet/gluon/block.py\", line 1619, in imports\n ret.collect_params().load(param_file, ctx, allow_missing, ignore_extra, cast_dtype=True,\n", " File \"/var/lang/lib/python3.8/site-packages/mxnet/gluon/parameter.py\", line 1021, in load\n ndarray_load = ndarray.load(filename)\n", " File \"/var/lang/lib/python3.8/site-packages/mxnet/ndarray/utils.py\", line 171, in load\n check_call(_LIB.MXNDArrayLoad(c_str(fname),\n", " File \"/var/lang/lib/python3.8/site-packages/mxnet/base.py\", line 246, in check_call\n raise get_last_ffi_error()\n"]}
512, vgg16, intel, mxnet, 9.930, {"errorMessage": "Traceback (most recent call last):\n File \"../src/storage/./cpu_device_storage.h\", line 74\nMXNetError: Failed to allocate CPU Memory", "errorType": "MXNetError", "stackTrace": [" File \"/var/lang/lib/python3.8/imp.py\", line 234, in load_module\n return load_source(name, filename, file)\n", " File \"/var/lang/lib/python3.8/imp.py\", line 171, in load_source\n module = _load(spec)\n", " File \"<frozen importlib._bootstrap>\", line 702, in _load\n", " File \"<frozen importlib._bootstrap>\", line 671, in _load_unlocked\n", " File \"<frozen importlib._bootstrap_external>\", line 843, in exec_module\n", " File \"<frozen importlib._bootstrap>\", line 219, in _call_with_frames_removed\n", " File \"/var/task/lambda_function.py\", line 34, in <module>\n model = gluon.nn.SymbolBlock.imports(model_json, ['data'], model_params, ctx=ctx)\n", " File \"/var/lang/lib/python3.8/site-packages/mxnet/gluon/block.py\", line 1619, in imports\n ret.collect_params().load(param_file, ctx, allow_missing, ignore_extra, cast_dtype=True,\n", " File \"/var/lang/lib/python3.8/site-packages/mxnet/gluon/parameter.py\", line 1021, in load\n ndarray_load = ndarray.load(filename)\n", " File \"/var/lang/lib/python3.8/site-packages/mxnet/ndarray/utils.py\", line 171, in load\n check_call(_LIB.MXNDArrayLoad(c_str(fname),\n", " File \"/var/lang/lib/python3.8/site-packages/mxnet/base.py\", line 246, in check_call\n raise get_last_ffi_error()\n"]}
512, vgg16, intel, mxnet, 10.153, {"errorMessage": "Traceback (most recent call last):\n File \"../src/storage/./cpu_device_storage.h\", line 74\nMXNetError: Failed to allocate CPU Memory", "errorType": "MXNetError", "stackTrace": [" File \"/var/lang/lib/python3.8/imp.py\", line 234, in load_module\n return load_source(name, filename, file)\n", " File \"/var/lang/lib/python3.8/imp.py\", line 171, in load_source\n module = _load(spec)\n", " File \"<frozen importlib._bootstrap>\", line 702, in _load\n", " File \"<frozen importlib._bootstrap>\", line 671, in _load_unlocked\n", " File \"<frozen importlib._bootstrap_external>\", line 843, in exec_module\n", " File \"<frozen importlib._bootstrap>\", line 219, in _call_with_frames_removed\n", " File \"/var/task/lambda_function.py\", line 34, in <module>\n model = gluon.nn.SymbolBlock.imports(model_json, ['data'], model_params, ctx=ctx)\n", " File \"/var/lang/lib/python3.8/site-packages/mxnet/gluon/block.py\", line 1619, in imports\n ret.collect_params().load(param_file, ctx, allow_missing, ignore_extra, cast_dtype=True,\n", " File \"/var/lang/lib/python3.8/site-packages/mxnet/gluon/parameter.py\", line 1021, in load\n ndarray_load = ndarray.load(filename)\n", " File \"/var/lang/lib/python3.8/site-packages/mxnet/ndarray/utils.py\", line 171, in load\n check_call(_LIB.MXNDArrayLoad(c_str(fname),\n", " File \"/var/lang/lib/python3.8/site-packages/mxnet/base.py\", line 246, in check_call\n raise get_last_ffi_error()\n"]}
512, vgg16, intel, mxnet, 9.862, {"errorMessage": "Traceback (most recent call last):\n File \"../src/storage/./cpu_device_storage.h\", line 74\nMXNetError: Failed to allocate CPU Memory", "errorType": "MXNetError", "stackTrace": [" File \"/var/lang/lib/python3.8/imp.py\", line 234, in load_module\n return load_source(name, filename, file)\n", " File \"/var/lang/lib/python3.8/imp.py\", line 171, in load_source\n module = _load(spec)\n", " File \"<frozen importlib._bootstrap>\", line 702, in _load\n", " File \"<frozen importlib._bootstrap>\", line 671, in _load_unlocked\n", " File \"<frozen importlib._bootstrap_external>\", line 843, in exec_module\n", " File \"<frozen importlib._bootstrap>\", line 219, in _call_with_frames_removed\n", " File \"/var/task/lambda_function.py\", line 34, in <module>\n model = gluon.nn.SymbolBlock.imports(model_json, ['data'], model_params, ctx=ctx)\n", " File \"/var/lang/lib/python3.8/site-packages/mxnet/gluon/block.py\", line 1619, in imports\n ret.collect_params().load(param_file, ctx, allow_missing, ignore_extra, cast_dtype=True,\n", " File \"/var/lang/lib/python3.8/site-packages/mxnet/gluon/parameter.py\", line 1021, in load\n ndarray_load = ndarray.load(filename)\n", " File \"/var/lang/lib/python3.8/site-packages/mxnet/ndarray/utils.py\", line 171, in load\n check_call(_LIB.MXNDArrayLoad(c_str(fname),\n", " File \"/var/lang/lib/python3.8/site-packages/mxnet/base.py\", line 246, in check_call\n raise get_last_ffi_error()\n"]}
512, vgg16, intel, mxnet, 10.52, {"errorMessage": "Traceback (most recent call last):\n File \"../src/storage/./cpu_device_storage.h\", line 74\nMXNetError: Failed to allocate CPU Memory", "errorType": "MXNetError", "stackTrace": [" File \"/var/lang/lib/python3.8/imp.py\", line 234, in load_module\n return load_source(name, filename, file)\n", " File \"/var/lang/lib/python3.8/imp.py\", line 171, in load_source\n module = _load(spec)\n", " File \"<frozen importlib._bootstrap>\", line 702, in _load\n", " File \"<frozen importlib._bootstrap>\", line 671, in _load_unlocked\n", " File \"<frozen importlib._bootstrap_external>\", line 843, in exec_module\n", " File \"<frozen importlib._bootstrap>\", line 219, in _call_with_frames_removed\n", " File \"/var/task/lambda_function.py\", line 34, in <module>\n model = gluon.nn.SymbolBlock.imports(model_json, ['data'], model_params, ctx=ctx)\n", " File \"/var/lang/lib/python3.8/site-packages/mxnet/gluon/block.py\", line 1619, in imports\n ret.collect_params().load(param_file, ctx, allow_missing, ignore_extra, cast_dtype=True,\n", " File \"/var/lang/lib/python3.8/site-packages/mxnet/gluon/parameter.py\", line 1021, in load\n ndarray_load = ndarray.load(filename)\n", " File \"/var/lang/lib/python3.8/site-packages/mxnet/ndarray/utils.py\", line 171, in load\n check_call(_LIB.MXNDArrayLoad(c_str(fname),\n", " File \"/var/lang/lib/python3.8/site-packages/mxnet/base.py\", line 246, in check_call\n raise get_last_ffi_error()\n"]}
512, vgg16, intel, mxnet, 10.241, {"errorMessage": "Traceback (most recent call last):\n File \"../src/storage/./cpu_device_storage.h\", line 74\nMXNetError: Failed to allocate CPU Memory", "errorType": "MXNetError", "stackTrace": [" File \"/var/lang/lib/python3.8/imp.py\", line 234, in load_module\n return load_source(name, filename, file)\n", " File \"/var/lang/lib/python3.8/imp.py\", line 171, in load_source\n module = _load(spec)\n", " File \"<frozen importlib._bootstrap>\", line 702, in _load\n", " File \"<frozen importlib._bootstrap>\", line 671, in _load_unlocked\n", " File \"<frozen importlib._bootstrap_external>\", line 843, in exec_module\n", " File \"<frozen importlib._bootstrap>\", line 219, in _call_with_frames_removed\n", " File \"/var/task/lambda_function.py\", line 34, in <module>\n model = gluon.nn.SymbolBlock.imports(model_json, ['data'], model_params, ctx=ctx)\n", " File \"/var/lang/lib/python3.8/site-packages/mxnet/gluon/block.py\", line 1619, in imports\n ret.collect_params().load(param_file, ctx, allow_missing, ignore_extra, cast_dtype=True,\n", " File \"/var/lang/lib/python3.8/site-packages/mxnet/gluon/parameter.py\", line 1021, in load\n ndarray_load = ndarray.load(filename)\n", " File \"/var/lang/lib/python3.8/site-packages/mxnet/ndarray/utils.py\", line 171, in load\n check_call(_LIB.MXNDArrayLoad(c_str(fname),\n", " File \"/var/lang/lib/python3.8/site-packages/mxnet/base.py\", line 246, in check_call\n raise get_last_ffi_error()\n"]}
512, vgg16, intel, mxnet, 9.810, {"errorMessage": "Traceback (most recent call last):\n File \"../src/storage/./cpu_device_storage.h\", line 74\nMXNetError: Failed to allocate CPU Memory", "errorType": "MXNetError", "stackTrace": [" File \"/var/lang/lib/python3.8/imp.py\", line 234, in load_module\n return load_source(name, filename, file)\n", " File \"/var/lang/lib/python3.8/imp.py\", line 171, in load_source\n module = _load(spec)\n", " File \"<frozen importlib._bootstrap>\", line 702, in _load\n", " File \"<frozen importlib._bootstrap>\", line 671, in _load_unlocked\n", " File \"<frozen importlib._bootstrap_external>\", line 843, in exec_module\n", " File \"<frozen importlib._bootstrap>\", line 219, in _call_with_frames_removed\n", " File \"/var/task/lambda_function.py\", line 34, in <module>\n model = gluon.nn.SymbolBlock.imports(model_json, ['data'], model_params, ctx=ctx)\n", " File \"/var/lang/lib/python3.8/site-packages/mxnet/gluon/block.py\", line 1619, in imports\n ret.collect_params().load(param_file, ctx, allow_missing, ignore_extra, cast_dtype=True,\n", " File \"/var/lang/lib/python3.8/site-packages/mxnet/gluon/parameter.py\", line 1021, in load\n ndarray_load = ndarray.load(filename)\n", " File \"/var/lang/lib/python3.8/site-packages/mxnet/ndarray/utils.py\", line 171, in load\n check_call(_LIB.MXNDArrayLoad(c_str(fname),\n", " File \"/var/lang/lib/python3.8/site-packages/mxnet/base.py\", line 246, in check_call\n raise get_last_ffi_error()\n"]}
512, alexnet, intel, mxnet, 5.568, {"errorMessage":"RequestId: d75f5422-ade8-419b-8393-bc6afe43ff29 Error: Runtime exited with error: signal: killed","errorType":"Runtime.ExitError"}
512, alexnet, intel, mxnet, 6.327, {"errorMessage":"RequestId: 27c27625-72e6-478e-8420-5925faa84f8a Error: Runtime exited with error: signal: killed","errorType":"Runtime.ExitError"}
512, alexnet, intel, mxnet, 1.224, {"errorMessage":"RequestId: 9702f03e-2b96-4ba2-9bd8-fd6f8f686055 Error: Runtime exited with error: signal: killed","errorType":"Runtime.ExitError"}
512, alexnet, intel, mxnet, 4.968, {"errorMessage":"RequestId: cbd97f9f-e472-421c-b7c6-dbcd9496b1ef Error: Runtime exited with error: signal: killed","errorType":"Runtime.ExitError"}
512, alexnet, intel, mxnet, 1.283, {"errorMessage":"RequestId: 9552f55b-0fab-4535-8a35-3c25fab6efd9 Error: Runtime exited with error: signal: killed","errorType":"Runtime.ExitError"}
512, alexnet, intel, mxnet, 4.777, {"errorMessage":"RequestId: c69ce407-ba3e-46eb-b06c-958ee4751a61 Error: Runtime exited with error: signal: killed","errorType":"Runtime.ExitError"}
512, alexnet, intel, mxnet, 1.466, {"errorMessage":"RequestId: 2d884e6f-bc48-41fc-875e-c588f5062d3d Error: Runtime exited with error: signal: killed","errorType":"Runtime.ExitError"}
512, alexnet, intel, mxnet, 4.326, {"errorMessage":"RequestId: d9f3a594-47e2-471e-9900-6fe5593b06d5 Error: Runtime exited with error: signal: killed","errorType":"Runtime.ExitError"}
512, alexnet, intel, mxnet, 1.237, {"errorMessage":"RequestId: f6b018f6-e73c-42b2-809f-5aa34188ec7a Error: Runtime exited with error: signal: killed","errorType":"Runtime.ExitError"}
512, alexnet, intel, mxnet, 5.425, {"errorMessage":"RequestId: fbd2ee65-9cfd-497b-a47b-43609af30aa1 Error: Runtime exited with error: signal: killed","errorType":"Runtime.ExitError"}
512, alexnet, intel, mxnet, 1.290, {"errorMessage":"RequestId: 8957274f-a30e-4769-ba4b-8561920c1b1c Error: Runtime exited with error: signal: killed","errorType":"Runtime.ExitError"}
512, alexnet, intel, mxnet, 5.147, {"errorMessage":"RequestId: 702dff8a-f1e1-4765-bdd1-19d727254682 Error: Runtime exited with error: signal: killed","errorType":"Runtime.ExitError"}
512, alexnet, intel, mxnet, 1.270, {"errorMessage":"RequestId: d5e83546-1518-4eff-a96c-9098f6d46333 Error: Runtime exited with error: signal: killed","errorType":"Runtime.ExitError"}
512, alexnet, intel, mxnet, 4.749, {"errorMessage":"RequestId: 4693a9bf-b3a3-4542-b925-77f9907f8795 Error: Runtime exited with error: signal: killed","errorType":"Runtime.ExitError"}
512, alexnet, intel, mxnet, 1.267, {"errorMessage":"RequestId: 35ab602a-35d9-4d80-9b7a-a47687ba221c Error: Runtime exited with error: signal: killed","errorType":"Runtime.ExitError"}
512, alexnet, intel, mxnet, 5.247, {"errorMessage":"RequestId: 1abae964-ded5-4b46-bb69-12117e4750fe Error: Runtime exited with error: signal: killed","errorType":"Runtime.ExitError"}
512, alexnet, intel, mxnet, 1.250, {"errorMessage":"RequestId: 72d64fc0-6923-401c-8e7f-497d9db5c688 Error: Runtime exited with error: signal: killed","errorType":"Runtime.ExitError"}
512, alexnet, intel, mxnet, 5.265, {"errorMessage":"RequestId: c65dc58b-3993-4d38-a2bc-008f6c70157b Error: Runtime exited with error: signal: killed","errorType":"Runtime.ExitError"}
512, alexnet, intel, mxnet, 1.257, {"errorMessage":"RequestId: b5c86fd4-bf85-4b5e-8937-85fc941c4568 Error: Runtime exited with error: signal: killed","errorType":"Runtime.ExitError"}
512, alexnet, intel, mxnet, 4.761, {"errorMessage":"RequestId: 0e324ae3-ce19-45f5-bf93-8cf7e5ccb04b Error: Runtime exited with error: signal: killed","errorType":"Runtime.ExitError"}
512, resnet50, intel, mxnet, 4.436, [1.1083898544311523, 0.6733272075653076]
512, resnet50, intel, mxnet, 0.258, [1.1083898544311523, 0.20423007011413574]
512, resnet50, intel, mxnet, 0.239, [1.1083898544311523, 0.17974209785461426]
512, resnet50, intel, mxnet, 0.162, [1.1083898544311523, 0.12238240242004395]
512, resnet50, intel, mxnet, 0.319, [1.1083898544311523, 0.2223818302154541]
512, resnet50, intel, mxnet, 0.235, [1.1083898544311523, 0.15987300872802734]
512, resnet50, intel, mxnet, 0.339, [1.1083898544311523, 0.2036898136138916]
512, resnet50, intel, mxnet, 0.221, [1.1083898544311523, 0.16124224662780762]
512, resnet50, intel, mxnet, 0.236, [1.1083898544311523, 0.1626272201538086]
512, resnet50, intel, mxnet, 0.241, [1.1083898544311523, 0.17841792106628418]
512, resnet50, intel, mxnet, 0.318, [1.1083898544311523, 0.18196582794189453]
512, resnet50, intel, mxnet, 0.238, [1.1083898544311523, 0.16017365455627441]
512, resnet50, intel, mxnet, 0.241, [1.1083898544311523, 0.20011687278747559]
512, resnet50, intel, mxnet, 0.281, [1.1083898544311523, 0.18422675132751465]
512, resnet50, intel, mxnet, 0.197, [1.1083898544311523, 0.14801621437072754]
512, resnet50, intel, mxnet, 0.195, [1.1083898544311523, 0.13640213012695312]
512, resnet50, intel, mxnet, 0.283, [1.1083898544311523, 0.24030017852783203]
512, resnet50, intel, mxnet, 0.219, [1.1083898544311523, 0.1581892967224121]
512, resnet50, intel, mxnet, 0.239, [1.1083898544311523, 0.1608889102935791]
512, resnet50, intel, mxnet, 0.216, [1.1083898544311523, 0.15616440773010254]
512, inception_v3, intel, mxnet, 4.133, [1.139594554901123, 0.5912411212921143]
512, inception_v3, intel, mxnet, 0.378, [1.139594554901123, 0.3374667167663574]
512, inception_v3, intel, mxnet, 0.280, [1.139594554901123, 0.20067453384399414]
512, inception_v3, intel, mxnet, 0.180, [1.139594554901123, 0.1363985538482666]
512, inception_v3, intel, mxnet, 0.223, [1.139594554901123, 0.15318965911865234]
512, inception_v3, intel, mxnet, 0.313, [1.139594554901123, 0.20142865180969238]
512, inception_v3, intel, mxnet, 0.440, [1.139594554901123, 0.27756381034851074]
512, inception_v3, intel, mxnet, 0.217, [1.139594554901123, 0.12660622596740723]
512, inception_v3, intel, mxnet, 0.196, [1.139594554901123, 0.1252584457397461]
512, inception_v3, intel, mxnet, 0.239, [1.139594554901123, 0.1792895793914795]
512, inception_v3, intel, mxnet, 0.244, [1.139594554901123, 0.1789109706878662]
512, inception_v3, intel, mxnet, 0.295, [1.139594554901123, 0.23874330520629883]
512, inception_v3, intel, mxnet, 0.219, [1.139594554901123, 0.15997624397277832]
512, inception_v3, intel, mxnet, 0.217, [1.139594554901123, 0.12500953674316406]
512, inception_v3, intel, mxnet, 0.259, [1.139594554901123, 0.1924753189086914]
512, inception_v3, intel, mxnet, 0.201, [1.139594554901123, 0.14037322998046875]
512, inception_v3, intel, mxnet, 0.318, [1.139594554901123, 0.26945924758911133]
512, inception_v3, intel, mxnet, 0.298, [1.139594554901123, 0.21766996383666992]
512, inception_v3, intel, mxnet, 0.206, [1.139594554901123, 0.12593483924865723]
512, inception_v3, intel, mxnet, 0.236, [1.139594554901123, 0.1891765594482422]
512, mobilenet_v2, intel, mxnet, 2.836, [0.24984455108642578, 0.18999910354614258]
512, mobilenet_v2, intel, mxnet, 0.321, [0.24984455108642578, 0.28545045852661133]
512, mobilenet_v2, intel, mxnet, 0.176, [0.24984455108642578, 0.0974586009979248]
512, mobilenet_v2, intel, mxnet, 0.358, [0.24984455108642578, 0.18282699584960938]
512, mobilenet_v2, intel, mxnet, 0.200, [0.24984455108642578, 0.10143780708312988]
512, mobilenet_v2, intel, mxnet, 0.240, [0.24984455108642578, 0.1568002700805664]
512, mobilenet_v2, intel, mxnet, 0.379, [0.24984455108642578, 0.25827980041503906]
512, mobilenet_v2, intel, mxnet, 0.141, [0.24984455108642578, 0.0915532112121582]
512, mobilenet_v2, intel, mxnet, 0.216, [0.24984455108642578, 0.14402365684509277]
512, mobilenet_v2, intel, mxnet, 0.179, [0.24984455108642578, 0.11435961723327637]
512, mobilenet_v2, intel, mxnet, 0.198, [0.24984455108642578, 0.13819479942321777]
512, mobilenet_v2, intel, mxnet, 0.300, [0.24984455108642578, 0.2552635669708252]
512, mobilenet_v2, intel, mxnet, 0.140, [0.24984455108642578, 0.09787678718566895]
512, mobilenet_v2, intel, mxnet, 0.277, [0.24984455108642578, 0.14442157745361328]
512, mobilenet_v2, intel, mxnet, 0.260, [0.24984455108642578, 0.21283483505249023]
512, mobilenet_v2, intel, mxnet, 0.145, [0.24984455108642578, 0.08454298973083496]
512, mobilenet_v2, intel, mxnet, 0.192, [0.24984455108642578, 0.1394655704498291]
512, mobilenet_v2, intel, mxnet, 0.186, [0.24984455108642578, 0.1010291576385498]
512, mobilenet_v2, intel, mxnet, 0.191, [0.24984455108642578, 0.12242698669433594]
512, mobilenet_v2, intel, mxnet, 0.260, [0.24984455108642578, 0.19862675666809082]
512, mobilenet, intel, mxnet, 2.814, [0.1281743049621582, 0.12392497062683105]
512, mobilenet, intel, mxnet, 0.200, [0.1281743049621582, 0.14063143730163574]
512, mobilenet, intel, mxnet, 0.180, [0.1281743049621582, 0.1018826961517334]
512, mobilenet, intel, mxnet, 0.120, [0.1281743049621582, 0.06291627883911133]
512, mobilenet, intel, mxnet, 0.174, [0.1281743049621582, 0.0635533332824707]
512, mobilenet, intel, mxnet, 0.120, [0.1281743049621582, 0.05874514579772949]
512, mobilenet, intel, mxnet, 0.217, [0.1281743049621582, 0.07773399353027344]
512, mobilenet, intel, mxnet, 0.103, [0.1281743049621582, 0.02339005470275879]
512, mobilenet, intel, mxnet, 0.156, [0.1281743049621582, 0.07996487617492676]
512, mobilenet, intel, mxnet, 0.119, [0.1281743049621582, 0.05995774269104004]
512, mobilenet, intel, mxnet, 0.137, [0.1281743049621582, 0.0795583724975586]
512, mobilenet, intel, mxnet, 0.142, [0.1281743049621582, 0.06052660942077637]
512, mobilenet, intel, mxnet, 0.98, [0.1281743049621582, 0.038758277893066406]
512, mobilenet, intel, mxnet, 0.160, [0.1281743049621582, 0.09859919548034668]
512, mobilenet, intel, mxnet, 0.120, [0.1281743049621582, 0.04317069053649902]
512, mobilenet, intel, mxnet, 0.116, [0.1281743049621582, 0.040915727615356445]
512, mobilenet, intel, mxnet, 0.178, [0.1281743049621582, 0.10015010833740234]
512, mobilenet, intel, mxnet, 0.120, [0.1281743049621582, 0.05888104438781738]
512, mobilenet, intel, mxnet, 0.99, [0.1281743049621582, 0.04721379280090332]
512, mobilenet, intel, mxnet, 0.136, [0.1281743049621582, 0.05942869186401367]
1024, vgg19, intel, mxnet, 8.628, [5.575922727584839, 0.7481451034545898]
1024, vgg19, intel, mxnet, 1.94, [5.575922727584839, 1.0491461753845215]
1024, vgg19, intel, mxnet, 0.159, [5.575922727584839, 0.03620409965515137]
1024, vgg19, intel, mxnet, 0.63, [5.575922727584839, 0.008443117141723633]
1024, vgg19, intel, mxnet, 0.71, [5.575922727584839, 0.022156953811645508]
1024, vgg19, intel, mxnet, 0.60, [5.575922727584839, 0.017397165298461914]
1024, vgg19, intel, mxnet, 0.87, [5.575922727584839, 0.029224395751953125]
1024, vgg19, intel, mxnet, 0.69, [5.575922727584839, 0.01801919937133789]
1024, vgg19, intel, mxnet, 0.62, [5.575922727584839, 0.009500265121459961]
1024, vgg19, intel, mxnet, 0.76, [5.575922727584839, 0.03158259391784668]
1024, vgg19, intel, mxnet, 0.64, [5.575922727584839, 0.01587986946105957]
1024, vgg19, intel, mxnet, 0.61, [5.575922727584839, 0.011620759963989258]
1024, vgg19, intel, mxnet, 0.57, [5.575922727584839, 0.010005712509155273]
1024, vgg19, intel, mxnet, 0.79, [5.575922727584839, 0.02170729637145996]
1024, vgg19, intel, mxnet, 0.76, [5.575922727584839, 0.02357649803161621]
1024, vgg19, intel, mxnet, 0.79, [5.575922727584839, 0.018265247344970703]
1024, vgg19, intel, mxnet, 0.62, [5.575922727584839, 0.014121770858764648]
1024, vgg19, intel, mxnet, 0.63, [5.575922727584839, 0.011836051940917969]
1024, vgg19, intel, mxnet, 0.71, [5.575922727584839, 0.01937079429626465]
1024, vgg19, intel, mxnet, 0.59, [5.575922727584839, 0.014419794082641602]
1024, vgg16, intel, mxnet, 8.319, {"errorMessage":"RequestId: 3444beae-3213-423e-83ab-0f892823a6f3 Error: Runtime exited with error: signal: killed","errorType":"Runtime.ExitError"}
1024, vgg16, intel, mxnet, 7.907, {"errorMessage":"RequestId: 2183881c-7454-4f91-89ac-4f4849b4c60b Error: Runtime exited with error: signal: killed","errorType":"Runtime.ExitError"}
1024, vgg16, intel, mxnet, 0.768, {"errorMessage":"RequestId: 5986a45e-0c3a-40f4-9c06-376e86b26014 Error: Runtime exited with error: signal: killed","errorType":"Runtime.ExitError"}
1024, vgg16, intel, mxnet, 7.512, {"errorMessage":"RequestId: b572c881-bdf7-414d-a448-e5930381180b Error: Runtime exited with error: signal: killed","errorType":"Runtime.ExitError"}
1024, vgg16, intel, mxnet, 0.799, {"errorMessage":"RequestId: 31696af7-cc98-4aed-b818-476f029083f0 Error: Runtime exited with error: signal: killed","errorType":"Runtime.ExitError"}
1024, vgg16, intel, mxnet, 7.483, {"errorMessage":"RequestId: 44170bde-8a0e-438a-a9a3-765d71f5716e Error: Runtime exited with error: signal: killed","errorType":"Runtime.ExitError"}
1024, vgg16, intel, mxnet, 1.42, {"errorMessage":"RequestId: e46b932d-373d-40a1-a6b3-710b5d6365ab Error: Runtime exited with error: signal: killed","errorType":"Runtime.ExitError"}
1024, vgg16, intel, mxnet, 7.110, {"errorMessage":"RequestId: 6cdbb48c-9b9d-48b3-8f3e-5e1319faecde Error: Runtime exited with error: signal: killed","errorType":"Runtime.ExitError"}
1024, vgg16, intel, mxnet, 1.60, {"errorMessage":"RequestId: 9b358027-2704-4e97-ba36-6f6777e9b832 Error: Runtime exited with error: signal: killed","errorType":"Runtime.ExitError"}
1024, vgg16, intel, mxnet, 7.156, {"errorMessage":"RequestId: b1279cb8-8695-4329-bf3f-43e92a0c6c3e Error: Runtime exited with error: signal: killed","errorType":"Runtime.ExitError"}
1024, vgg16, intel, mxnet, 1.152, {"errorMessage":"RequestId: 6c714c41-9768-43bd-a215-f320f1c7de22 Error: Runtime exited with error: signal: killed","errorType":"Runtime.ExitError"}
1024, vgg16, intel, mxnet, 7.5, {"errorMessage":"RequestId: 69f52949-ab02-4641-997d-7730c1aad737 Error: Runtime exited with error: signal: killed","errorType":"Runtime.ExitError"}
1024, vgg16, intel, mxnet, 1.139, {"errorMessage":"RequestId: be8bab90-0ad8-4d17-83c1-a82c9b56c2eb Error: Runtime exited with error: signal: killed","errorType":"Runtime.ExitError"}
1024, vgg16, intel, mxnet, 7.28, {"errorMessage":"RequestId: a531ce01-ab06-4a4f-8f87-06a23fc771da Error: Runtime exited with error: signal: killed","errorType":"Runtime.ExitError"}
1024, vgg16, intel, mxnet, 1.157, {"errorMessage":"RequestId: 9363c29c-f70e-4963-b965-48c953537f29 Error: Runtime exited with error: signal: killed","errorType":"Runtime.ExitError"}
1024, vgg16, intel, mxnet, 7.28, {"errorMessage":"RequestId: d294e363-8a80-4ed7-b572-aed6fef931da Error: Runtime exited with error: signal: killed","errorType":"Runtime.ExitError"}
1024, vgg16, intel, mxnet, 1.189, {"errorMessage":"RequestId: 5e696369-7086-49f4-ad3d-90106e06926c Error: Runtime exited with error: signal: killed","errorType":"Runtime.ExitError"}
1024, vgg16, intel, mxnet, 7.43, {"errorMessage":"RequestId: a47834a0-d6be-4221-98ae-6f431a8a5985 Error: Runtime exited with error: signal: killed","errorType":"Runtime.ExitError"}
1024, vgg16, intel, mxnet, 1.159, {"errorMessage":"RequestId: 3683791a-b376-4afd-83ea-c33bafc08826 Error: Runtime exited with error: signal: killed","errorType":"Runtime.ExitError"}
1024, vgg16, intel, mxnet, 6.955, {"errorMessage":"RequestId: a523deb9-bfcc-4832-8228-556d05e9e24d Error: Runtime exited with error: signal: killed","errorType":"Runtime.ExitError"}
1024, alexnet, intel, mxnet, 5.292, [2.2520408630371094, 0.7214934825897217]
1024, alexnet, intel, mxnet, 0.269, [2.2520408630371094, 0.21429729461669922]
1024, alexnet, intel, mxnet, 0.118, [2.2520408630371094, 0.07087945938110352]
1024, alexnet, intel, mxnet, 0.112, [2.2520408630371094, 0.07125139236450195]
1024, alexnet, intel, mxnet, 0.138, [2.2520408630371094, 0.08575630187988281]
1024, alexnet, intel, mxnet, 0.127, [2.2520408630371094, 0.07771444320678711]
1024, alexnet, intel, mxnet, 0.188, [2.2520408630371094, 0.10679364204406738]
1024, alexnet, intel, mxnet, 0.139, [2.2520408630371094, 0.08158540725708008]
1024, alexnet, intel, mxnet, 0.140, [2.2520408630371094, 0.09505105018615723]
1024, alexnet, intel, mxnet, 0.137, [2.2520408630371094, 0.07973909378051758]
1024, alexnet, intel, mxnet, 0.129, [2.2520408630371094, 0.07135987281799316]
1024, alexnet, intel, mxnet, 0.150, [2.2520408630371094, 0.09949731826782227]
1024, alexnet, intel, mxnet, 0.125, [2.2520408630371094, 0.07984399795532227]
1024, alexnet, intel, mxnet, 0.139, [2.2520408630371094, 0.0836174488067627]
1024, alexnet, intel, mxnet, 0.132, [2.2520408630371094, 0.07972073554992676]
1024, alexnet, intel, mxnet, 0.126, [2.2520408630371094, 0.07884740829467773]
1024, alexnet, intel, mxnet, 0.138, [2.2520408630371094, 0.0855097770690918]
1024, alexnet, intel, mxnet, 0.134, [2.2520408630371094, 0.08047795295715332]
1024, alexnet, intel, mxnet, 0.127, [2.2520408630371094, 0.07709717750549316]
1024, alexnet, intel, mxnet, 0.133, [2.2520408630371094, 0.08345603942871094]
1024, resnet50, intel, mxnet, 3.741, [1.1153314113616943, 0.3145279884338379]
1024, resnet50, intel, mxnet, 0.184, [1.1153314113616943, 0.145843505859375]
1024, resnet50, intel, mxnet, 0.132, [1.1153314113616943, 0.07935476303100586]
1024, resnet50, intel, mxnet, 0.138, [1.1153314113616943, 0.0959615707397461]
1024, resnet50, intel, mxnet, 0.202, [1.1153314113616943, 0.14183640480041504]
1024, resnet50, intel, mxnet, 0.156, [1.1153314113616943, 0.08719396591186523]
1024, resnet50, intel, mxnet, 0.181, [1.1153314113616943, 0.09188103675842285]
1024, resnet50, intel, mxnet, 0.162, [1.1153314113616943, 0.10576105117797852]
1024, resnet50, intel, mxnet, 0.118, [1.1153314113616943, 0.07105231285095215]
1024, resnet50, intel, mxnet, 0.134, [1.1153314113616943, 0.08764433860778809]
1024, resnet50, intel, mxnet, 0.148, [1.1153314113616943, 0.08638381958007812]
1024, resnet50, intel, mxnet, 0.149, [1.1153314113616943, 0.08889245986938477]
1024, resnet50, intel, mxnet, 0.139, [1.1153314113616943, 0.09270524978637695]
1024, resnet50, intel, mxnet, 0.171, [1.1153314113616943, 0.0906825065612793]
1024, resnet50, intel, mxnet, 0.144, [1.1153314113616943, 0.07233047485351562]
1024, resnet50, intel, mxnet, 0.147, [1.1153314113616943, 0.09389472007751465]
1024, resnet50, intel, mxnet, 0.113, [1.1153314113616943, 0.0711205005645752]
1024, resnet50, intel, mxnet, 0.125, [1.1153314113616943, 0.06646275520324707]
1024, resnet50, intel, mxnet, 0.171, [1.1153314113616943, 0.10755085945129395]
1024, resnet50, intel, mxnet, 0.159, [1.1153314113616943, 0.07551074028015137]
1024, inception_v3, intel, mxnet, 3.888, [1.1265041828155518, 0.30078887939453125]
1024, inception_v3, intel, mxnet, 0.235, [1.1265041828155518, 0.18630409240722656]
1024, inception_v3, intel, mxnet, 0.133, [1.1265041828155518, 0.0853261947631836]
1024, inception_v3, intel, mxnet, 0.118, [1.1265041828155518, 0.08011054992675781]
1024, inception_v3, intel, mxnet, 0.184, [1.1265041828155518, 0.12836360931396484]
1024, inception_v3, intel, mxnet, 0.174, [1.1265041828155518, 0.11840415000915527]
1024, inception_v3, intel, mxnet, 0.199, [1.1265041828155518, 0.13373994827270508]
1024, inception_v3, intel, mxnet, 0.128, [1.1265041828155518, 0.0811760425567627]
1024, inception_v3, intel, mxnet, 0.109, [1.1265041828155518, 0.06568169593811035]
1024, inception_v3, intel, mxnet, 0.159, [1.1265041828155518, 0.06484150886535645]
1024, inception_v3, intel, mxnet, 0.140, [1.1265041828155518, 0.06994271278381348]
1024, inception_v3, intel, mxnet, 0.177, [1.1265041828155518, 0.12395238876342773]
1024, inception_v3, intel, mxnet, 0.123, [1.1265041828155518, 0.07306861877441406]
1024, inception_v3, intel, mxnet, 0.176, [1.1265041828155518, 0.10619735717773438]
1024, inception_v3, intel, mxnet, 0.120, [1.1265041828155518, 0.0793755054473877]
1024, inception_v3, intel, mxnet, 0.122, [1.1265041828155518, 0.044512033462524414]
1024, inception_v3, intel, mxnet, 0.155, [1.1265041828155518, 0.11073064804077148]
1024, inception_v3, intel, mxnet, 0.126, [1.1265041828155518, 0.07311725616455078]
1024, inception_v3, intel, mxnet, 0.115, [1.1265041828155518, 0.06523823738098145]
1024, inception_v3, intel, mxnet, 0.177, [1.1265041828155518, 0.13200116157531738]
1024, mobilenet_v2, intel, mxnet, 2.821, [0.24155831336975098, 0.08428812026977539]
1024, mobilenet_v2, intel, mxnet, 0.226, [0.24155831336975098, 0.18268823623657227]
1024, mobilenet_v2, intel, mxnet, 0.198, [0.24155831336975098, 0.10445189476013184]
1024, mobilenet_v2, intel, mxnet, 0.76, [0.24155831336975098, 0.03685307502746582]
1024, mobilenet_v2, intel, mxnet, 0.182, [0.24155831336975098, 0.12452983856201172]
1024, mobilenet_v2, intel, mxnet, 0.113, [0.24155831336975098, 0.0586550235748291]
1024, mobilenet_v2, intel, mxnet, 0.288, [0.24155831336975098, 0.07970094680786133]
1024, mobilenet_v2, intel, mxnet, 0.196, [0.24155831336975098, 0.06915855407714844]
1024, mobilenet_v2, intel, mxnet, 0.91, [0.24155831336975098, 0.04412484169006348]
1024, mobilenet_v2, intel, mxnet, 0.159, [0.24155831336975098, 0.09778571128845215]
1024, mobilenet_v2, intel, mxnet, 0.121, [0.24155831336975098, 0.0742654800415039]
1024, mobilenet_v2, intel, mxnet, 0.144, [0.24155831336975098, 0.0966029167175293]
1024, mobilenet_v2, intel, mxnet, 0.171, [0.24155831336975098, 0.1200566291809082]
1024, mobilenet_v2, intel, mxnet, 0.157, [0.24155831336975098, 0.0866692066192627]
1024, mobilenet_v2, intel, mxnet, 0.164, [0.24155831336975098, 0.11167550086975098]
1024, mobilenet_v2, intel, mxnet, 0.138, [0.24155831336975098, 0.08796977996826172]
1024, mobilenet_v2, intel, mxnet, 0.97, [0.24155831336975098, 0.04449295997619629]
1024, mobilenet_v2, intel, mxnet, 0.155, [0.24155831336975098, 0.0859675407409668]
1024, mobilenet_v2, intel, mxnet, 0.123, [0.24155831336975098, 0.0652008056640625]
1024, mobilenet_v2, intel, mxnet, 0.159, [0.24155831336975098, 0.10693168640136719]
1024, mobilenet, intel, mxnet, 2.449, [0.13386821746826172, 0.04322338104248047]
1024, mobilenet, intel, mxnet, 0.150, [0.13386821746826172, 0.10494160652160645]
1024, mobilenet, intel, mxnet, 0.88, [0.13386821746826172, 0.04063010215759277]
1024, mobilenet, intel, mxnet, 0.79, [0.13386821746826172, 0.03608965873718262]
1024, mobilenet, intel, mxnet, 0.103, [0.13386821746826172, 0.04180026054382324]
1024, mobilenet, intel, mxnet, 0.103, [0.13386821746826172, 0.014013528823852539]
1024, mobilenet, intel, mxnet, 0.115, [0.13386821746826172, 0.035825490951538086]
1024, mobilenet, intel, mxnet, 0.76, [0.13386821746826172, 0.025438785552978516]
1024, mobilenet, intel, mxnet, 0.79, [0.13386821746826172, 0.02653646469116211]
1024, mobilenet, intel, mxnet, 0.82, [0.13386821746826172, 0.03553628921508789]
1024, mobilenet, intel, mxnet, 0.85, [0.13386821746826172, 0.025007247924804688]
1024, mobilenet, intel, mxnet, 0.72, [0.13386821746826172, 0.026288509368896484]
1024, mobilenet, intel, mxnet, 0.73, [0.13386821746826172, 0.010148286819458008]
1024, mobilenet, intel, mxnet, 0.87, [0.13386821746826172, 0.026120662689208984]
1024, mobilenet, intel, mxnet, 0.98, [0.13386821746826172, 0.04885125160217285]
1024, mobilenet, intel, mxnet, 0.61, [0.13386821746826172, 0.01502227783203125]
1024, mobilenet, intel, mxnet, 0.72, [0.13386821746826172, 0.028644323348999023]
1024, mobilenet, intel, mxnet, 0.101, [0.13386821746826172, 0.04145550727844238]
1024, mobilenet, intel, mxnet, 0.66, [0.13386821746826172, 0.019908905029296875]
1024, mobilenet, intel, mxnet, 0.73, [0.13386821746826172, 0.023380756378173828]
2048, vgg19, intel, mxnet, 10.328, [6.732133626937866, 1.154860258102417]
2048, vgg19, intel, mxnet, 0.781, [6.732133626937866, 0.7360365390777588]
2048, vgg19, intel, mxnet, 0.458, [6.732133626937866, 0.4081153869628906]
2048, vgg19, intel, mxnet, 0.376, [6.732133626937866, 0.3331594467163086]
2048, vgg19, intel, mxnet, 0.557, [6.732133626937866, 0.5040678977966309]
2048, vgg19, intel, mxnet, 0.363, [6.732133626937866, 0.3151583671569824]
2048, vgg19, intel, mxnet, 0.388, [6.732133626937866, 0.2901732921600342]
2048, vgg19, intel, mxnet, 0.528, [6.732133626937866, 0.48401498794555664]
2048, vgg19, intel, mxnet, 0.382, [6.732133626937866, 0.3233156204223633]
2048, vgg19, intel, mxnet, 0.348, [6.732133626937866, 0.30155253410339355]
2048, vgg19, intel, mxnet, 0.518, [6.732133626937866, 0.46404600143432617]
2048, vgg19, intel, mxnet, 0.387, [6.732133626937866, 0.3363487720489502]
2048, vgg19, intel, mxnet, 0.349, [6.732133626937866, 0.305391788482666]
2048, vgg19, intel, mxnet, 0.547, [6.732133626937866, 0.4918336868286133]
2048, vgg19, intel, mxnet, 0.373, [6.732133626937866, 0.3265359401702881]
2048, vgg19, intel, mxnet, 0.353, [6.732133626937866, 0.29938340187072754]
2048, vgg19, intel, mxnet, 0.531, [6.732133626937866, 0.4852111339569092]
2048, vgg19, intel, mxnet, 0.373, [6.732133626937866, 0.31612443923950195]
2048, vgg19, intel, mxnet, 0.357, [6.732133626937866, 0.30698561668395996]
2048, vgg19, intel, mxnet, 0.549, [6.732133626937866, 0.49520134925842285]
2048, vgg16, intel, mxnet, 8.336, [5.191345691680908, 0.9078660011291504]
2048, vgg16, intel, mxnet, 0.690, [5.191345691680908, 0.6492271423339844]
2048, vgg16, intel, mxnet, 0.370, [5.191345691680908, 0.3173031806945801]
2048, vgg16, intel, mxnet, 0.240, [5.191345691680908, 0.1981492042541504]
2048, vgg16, intel, mxnet, 0.470, [5.191345691680908, 0.4191572666168213]
2048, vgg16, intel, mxnet, 0.337, [5.191345691680908, 0.2898135185241699]
2048, vgg16, intel, mxnet, 0.275, [5.191345691680908, 0.20076465606689453]
2048, vgg16, intel, mxnet, 0.456, [5.191345691680908, 0.40730762481689453]
2048, vgg16, intel, mxnet, 0.344, [5.191345691680908, 0.2989013195037842]
2048, vgg16, intel, mxnet, 0.240, [5.191345691680908, 0.19582819938659668]
2048, vgg16, intel, mxnet, 0.451, [5.191345691680908, 0.40160441398620605]
2048, vgg16, intel, mxnet, 0.340, [5.191345691680908, 0.2953312397003174]
2048, vgg16, intel, mxnet, 0.242, [5.191345691680908, 0.1942121982574463]
2048, vgg16, intel, mxnet, 0.485, [5.191345691680908, 0.4254322052001953]
2048, vgg16, intel, mxnet, 0.333, [5.191345691680908, 0.2871816158294678]
2048, vgg16, intel, mxnet, 0.244, [5.191345691680908, 0.19318842887878418]
2048, vgg16, intel, mxnet, 0.457, [5.191345691680908, 0.41138792037963867]
2048, vgg16, intel, mxnet, 0.349, [5.191345691680908, 0.2838172912597656]
2048, vgg16, intel, mxnet, 0.251, [5.191345691680908, 0.19210243225097656]
2048, vgg16, intel, mxnet, 0.464, [5.191345691680908, 0.4132406711578369]
2048, alexnet, intel, mxnet, 5.308, [2.505657911300659, 0.40662407875061035]
2048, alexnet, intel, mxnet, 0.221, [2.505657911300659, 0.18853163719177246]
2048, alexnet, intel, mxnet, 0.86, [2.505657911300659, 0.0384984016418457]
2048, alexnet, intel, mxnet, 0.75, [2.505657911300659, 0.03955245018005371]
2048, alexnet, intel, mxnet, 0.123, [2.505657911300659, 0.05109596252441406]
2048, alexnet, intel, mxnet, 0.89, [2.505657911300659, 0.04417085647583008]
2048, alexnet, intel, mxnet, 0.113, [2.505657911300659, 0.04747724533081055]
2048, alexnet, intel, mxnet, 0.82, [2.505657911300659, 0.03726696968078613]
2048, alexnet, intel, mxnet, 0.83, [2.505657911300659, 0.03355264663696289]
2048, alexnet, intel, mxnet, 0.103, [2.505657911300659, 0.04704570770263672]
2048, alexnet, intel, mxnet, 0.92, [2.505657911300659, 0.041406869888305664]
2048, alexnet, intel, mxnet, 0.89, [2.505657911300659, 0.044442176818847656]
2048, alexnet, intel, mxnet, 0.81, [2.505657911300659, 0.039412498474121094]
2048, alexnet, intel, mxnet, 0.103, [2.505657911300659, 0.052330732345581055]
2048, alexnet, intel, mxnet, 0.131, [2.505657911300659, 0.04526567459106445]
2048, alexnet, intel, mxnet, 0.91, [2.505657911300659, 0.04152822494506836]
2048, alexnet, intel, mxnet, 0.100, [2.505657911300659, 0.04916715621948242]
2048, alexnet, intel, mxnet, 0.95, [2.505657911300659, 0.041326045989990234]
2048, alexnet, intel, mxnet, 0.86, [2.505657911300659, 0.03794097900390625]
2048, alexnet, intel, mxnet, 0.103, [2.505657911300659, 0.052565813064575195]
2048, resnet50, intel, mxnet, 3.655, [1.0946063995361328, 0.1650404930114746]
2048, resnet50, intel, mxnet, 0.182, [1.0946063995361328, 0.1447000503540039]
2048, resnet50, intel, mxnet, 0.96, [1.0946063995361328, 0.04048776626586914]
2048, resnet50, intel, mxnet, 0.85, [1.0946063995361328, 0.02689814567565918]
2048, resnet50, intel, mxnet, 0.143, [1.0946063995361328, 0.0911095142364502]
2048, resnet50, intel, mxnet, 0.90, [1.0946063995361328, 0.04308319091796875]
2048, resnet50, intel, mxnet, 0.142, [1.0946063995361328, 0.06905460357666016]
2048, resnet50, intel, mxnet, 0.97, [1.0946063995361328, 0.04275202751159668]
2048, resnet50, intel, mxnet, 0.81, [1.0946063995361328, 0.036849021911621094]
2048, resnet50, intel, mxnet, 0.104, [1.0946063995361328, 0.05345320701599121]
2048, resnet50, intel, mxnet, 0.100, [1.0946063995361328, 0.04324793815612793]
2048, resnet50, intel, mxnet, 0.92, [1.0946063995361328, 0.041196584701538086]
2048, resnet50, intel, mxnet, 0.75, [1.0946063995361328, 0.031789541244506836]
2048, resnet50, intel, mxnet, 0.101, [1.0946063995361328, 0.0386965274810791]
2048, resnet50, intel, mxnet, 0.110, [1.0946063995361328, 0.051627159118652344]
2048, resnet50, intel, mxnet, 0.98, [1.0946063995361328, 0.048187971115112305]
2048, resnet50, intel, mxnet, 0.94, [1.0946063995361328, 0.050612449645996094]
2048, resnet50, intel, mxnet, 0.75, [1.0946063995361328, 0.02812814712524414]
2048, resnet50, intel, mxnet, 0.85, [1.0946063995361328, 0.04190969467163086]
2048, resnet50, intel, mxnet, 0.98, [1.0946063995361328, 0.05355691909790039]
2048, inception_v3, intel, mxnet, 3.916, [1.242666244506836, 0.1852421760559082]
2048, inception_v3, intel, mxnet, 0.220, [1.242666244506836, 0.17527151107788086]
2048, inception_v3, intel, mxnet, 0.91, [1.242666244506836, 0.04323720932006836]
2048, inception_v3, intel, mxnet, 0.90, [1.242666244506836, 0.03895878791809082]
2048, inception_v3, intel, mxnet, 0.148, [1.242666244506836, 0.07162165641784668]
2048, inception_v3, intel, mxnet, 0.108, [1.242666244506836, 0.061662912368774414]
2048, inception_v3, intel, mxnet, 0.148, [1.242666244506836, 0.06551122665405273]
2048, inception_v3, intel, mxnet, 0.169, [1.242666244506836, 0.05087733268737793]
2048, inception_v3, intel, mxnet, 0.76, [1.242666244506836, 0.025045156478881836]
2048, inception_v3, intel, mxnet, 0.84, [1.242666244506836, 0.03552079200744629]
2048, inception_v3, intel, mxnet, 0.98, [1.242666244506836, 0.044629573822021484]
2048, inception_v3, intel, mxnet, 0.135, [1.242666244506836, 0.06626129150390625]
2048, inception_v3, intel, mxnet, 0.103, [1.242666244506836, 0.03828930854797363]
2048, inception_v3, intel, mxnet, 0.118, [1.242666244506836, 0.05350208282470703]
2048, inception_v3, intel, mxnet, 0.86, [1.242666244506836, 0.0402524471282959]
2048, inception_v3, intel, mxnet, 0.105, [1.242666244506836, 0.06254172325134277]
2048, inception_v3, intel, mxnet, 0.101, [1.242666244506836, 0.05215191841125488]
2048, inception_v3, intel, mxnet, 0.88, [1.242666244506836, 0.03982210159301758]
2048, inception_v3, intel, mxnet, 0.97, [1.242666244506836, 0.040436744689941406]
2048, inception_v3, intel, mxnet, 0.140, [1.242666244506836, 0.0874013900756836]
2048, mobilenet_v2, intel, mxnet, 2.569, [0.2440199851989746, 0.042980194091796875]
2048, mobilenet_v2, intel, mxnet, 0.218, [0.2440199851989746, 0.17849302291870117]
2048, mobilenet_v2, intel, mxnet, 0.80, [0.2440199851989746, 0.024088382720947266]
2048, mobilenet_v2, intel, mxnet, 0.182, [0.2440199851989746, 0.03663158416748047]
2048, mobilenet_v2, intel, mxnet, 0.131, [0.2440199851989746, 0.0799722671508789]
2048, mobilenet_v2, intel, mxnet, 0.100, [0.2440199851989746, 0.045789241790771484]
2048, mobilenet_v2, intel, mxnet, 0.140, [0.2440199851989746, 0.05762648582458496]
2048, mobilenet_v2, intel, mxnet, 0.76, [0.2440199851989746, 0.024807214736938477]
2048, mobilenet_v2, intel, mxnet, 0.82, [0.2440199851989746, 0.028110742568969727]
2048, mobilenet_v2, intel, mxnet, 0.97, [0.2440199851989746, 0.049843788146972656]
2048, mobilenet_v2, intel, mxnet, 0.77, [0.2440199851989746, 0.0223538875579834]
2048, mobilenet_v2, intel, mxnet, 0.93, [0.2440199851989746, 0.03139066696166992]
2048, mobilenet_v2, intel, mxnet, 0.92, [0.2440199851989746, 0.02881622314453125]
2048, mobilenet_v2, intel, mxnet, 0.104, [0.2440199851989746, 0.04446125030517578]
2048, mobilenet_v2, intel, mxnet, 0.107, [0.2440199851989746, 0.047344207763671875]
2048, mobilenet_v2, intel, mxnet, 0.74, [0.2440199851989746, 0.023909330368041992]
2048, mobilenet_v2, intel, mxnet, 0.93, [0.2440199851989746, 0.04293394088745117]
2048, mobilenet_v2, intel, mxnet, 0.105, [0.2440199851989746, 0.051688194274902344]
2048, mobilenet_v2, intel, mxnet, 0.67, [0.2440199851989746, 0.01329946517944336]
2048, mobilenet_v2, intel, mxnet, 0.82, [0.2440199851989746, 0.022690534591674805]
2048, mobilenet, intel, mxnet, 2.667, [0.12651801109313965, 0.03062295913696289]
2048, mobilenet, intel, mxnet, 0.156, [0.12651801109313965, 0.1169576644897461]
2048, mobilenet, intel, mxnet, 0.81, [0.12651801109313965, 0.019725561141967773]
2048, mobilenet, intel, mxnet, 0.83, [0.12651801109313965, 0.013734817504882812]
2048, mobilenet, intel, mxnet, 0.78, [0.12651801109313965, 0.019032001495361328]
2048, mobilenet, intel, mxnet, 0.55, [0.12651801109313965, 0.012114763259887695]
2048, mobilenet, intel, mxnet, 0.78, [0.12651801109313965, 0.01824021339416504]
2048, mobilenet, intel, mxnet, 0.60, [0.12651801109313965, 0.012554168701171875]
2048, mobilenet, intel, mxnet, 0.62, [0.12651801109313965, 0.010628700256347656]
2048, mobilenet, intel, mxnet, 0.56, [0.12651801109313965, 0.011974811553955078]
2048, mobilenet, intel, mxnet, 0.71, [0.12651801109313965, 0.014653921127319336]
2048, mobilenet, intel, mxnet, 0.72, [0.12651801109313965, 0.01854419708251953]
2048, mobilenet, intel, mxnet, 0.56, [0.12651801109313965, 0.01035451889038086]
2048, mobilenet, intel, mxnet, 0.84, [0.12651801109313965, 0.031281232833862305]
2048, mobilenet, intel, mxnet, 0.56, [0.12651801109313965, 0.012047767639160156]
2048, mobilenet, intel, mxnet, 0.54, [0.12651801109313965, 0.010732412338256836]
2048, mobilenet, intel, mxnet, 0.53, [0.12651801109313965, 0.010700225830078125]
2048, mobilenet, intel, mxnet, 0.65, [0.12651801109313965, 0.012835264205932617]
2048, mobilenet, intel, mxnet, 0.60, [0.12651801109313965, 0.010457992553710938]
2048, mobilenet, intel, mxnet, 0.53, [0.12651801109313965, 0.011087417602539062]
4096, vgg19, intel, mxnet, 8.511, [5.224819660186768, 0.9239895343780518]
4096, vgg19, intel, mxnet, 0.693, [5.224819660186768, 0.6423206329345703]
4096, vgg19, intel, mxnet, 0.397, [5.224819660186768, 0.32411885261535645]
4096, vgg19, intel, mxnet, 0.354, [5.224819660186768, 0.3149275779724121]
4096, vgg19, intel, mxnet, 0.521, [5.224819660186768, 0.46613478660583496]
4096, vgg19, intel, mxnet, 0.369, [5.224819660186768, 0.321444034576416]
4096, vgg19, intel, mxnet, 0.358, [5.224819660186768, 0.28850746154785156]
4096, vgg19, intel, mxnet, 0.509, [5.224819660186768, 0.4515359401702881]
4096, vgg19, intel, mxnet, 0.353, [5.224819660186768, 0.30372190475463867]
4096, vgg19, intel, mxnet, 0.343, [5.224819660186768, 0.29655885696411133]
4096, vgg19, intel, mxnet, 0.503, [5.224819660186768, 0.4505298137664795]
4096, vgg19, intel, mxnet, 0.347, [5.224819660186768, 0.3073868751525879]
4096, vgg19, intel, mxnet, 0.337, [5.224819660186768, 0.2985568046569824]
4096, vgg19, intel, mxnet, 0.526, [5.224819660186768, 0.46332454681396484]
4096, vgg19, intel, mxnet, 0.348, [5.224819660186768, 0.3065207004547119]
4096, vgg19, intel, mxnet, 0.354, [5.224819660186768, 0.3022153377532959]
4096, vgg19, intel, mxnet, 0.496, [5.224819660186768, 0.4548635482788086]
4096, vgg19, intel, mxnet, 0.364, [5.224819660186768, 0.30849313735961914]
4096, vgg19, intel, mxnet, 0.344, [5.224819660186768, 0.29424357414245605]
4096, vgg19, intel, mxnet, 0.548, [5.224819660186768, 0.459012508392334]
4096, vgg16, intel, mxnet, 8.517, [4.881495475769043, 0.8943588733673096]
4096, vgg16, intel, mxnet, 0.667, [4.881495475769043, 0.624814510345459]
4096, vgg16, intel, mxnet, 0.357, [4.881495475769043, 0.30814146995544434]
4096, vgg16, intel, mxnet, 0.236, [4.881495475769043, 0.1915738582611084]
4096, vgg16, intel, mxnet, 0.451, [4.881495475769043, 0.404299259185791]
4096, vgg16, intel, mxnet, 0.330, [4.881495475769043, 0.2815258502960205]
4096, vgg16, intel, mxnet, 0.252, [4.881495475769043, 0.18222737312316895]
4096, vgg16, intel, mxnet, 0.455, [4.881495475769043, 0.40223217010498047]
4096, vgg16, intel, mxnet, 0.326, [4.881495475769043, 0.2782008647918701]
4096, vgg16, intel, mxnet, 0.237, [4.881495475769043, 0.18732595443725586]
4096, vgg16, intel, mxnet, 0.443, [4.881495475769043, 0.39580631256103516]
4096, vgg16, intel, mxnet, 0.329, [4.881495475769043, 0.2771620750427246]
4096, vgg16, intel, mxnet, 0.238, [4.881495475769043, 0.1852128505706787]
4096, vgg16, intel, mxnet, 0.454, [4.881495475769043, 0.39636969566345215]
4096, vgg16, intel, mxnet, 0.327, [4.881495475769043, 0.2793998718261719]
4096, vgg16, intel, mxnet, 0.244, [4.881495475769043, 0.1946241855621338]
4096, vgg16, intel, mxnet, 0.491, [4.881495475769043, 0.449878454208374]
4096, vgg16, intel, mxnet, 0.330, [4.881495475769043, 0.27928924560546875]
4096, vgg16, intel, mxnet, 0.236, [4.881495475769043, 0.19184374809265137]
4096, vgg16, intel, mxnet, 0.448, [4.881495475769043, 0.39961934089660645]
4096, alexnet, intel, mxnet, 5.906, [2.418194055557251, 0.49768590927124023]
4096, alexnet, intel, mxnet, 0.246, [2.418194055557251, 0.20352983474731445]
4096, alexnet, intel, mxnet, 0.88, [2.418194055557251, 0.038027286529541016]
4096, alexnet, intel, mxnet, 0.118, [2.418194055557251, 0.03911471366882324]
4096, alexnet, intel, mxnet, 0.103, [2.418194055557251, 0.048002004623413086]
4096, alexnet, intel, mxnet, 0.82, [2.418194055557251, 0.0387880802154541]
4096, alexnet, intel, mxnet, 0.99, [2.418194055557251, 0.017498254776000977]
4096, alexnet, intel, mxnet, 0.85, [2.418194055557251, 0.032633304595947266]
4096, alexnet, intel, mxnet, 0.82, [2.418194055557251, 0.036078453063964844]
4096, alexnet, intel, mxnet, 0.78, [2.418194055557251, 0.033924102783203125]
4096, alexnet, intel, mxnet, 0.120, [2.418194055557251, 0.03369140625]
4096, alexnet, intel, mxnet, 0.81, [2.418194055557251, 0.03402376174926758]
4096, alexnet, intel, mxnet, 0.85, [2.418194055557251, 0.036153316497802734]
4096, alexnet, intel, mxnet, 0.85, [2.418194055557251, 0.027994632720947266]
4096, alexnet, intel, mxnet, 0.87, [2.418194055557251, 0.036905527114868164]
4096, alexnet, intel, mxnet, 0.81, [2.418194055557251, 0.037482500076293945]
4096, alexnet, intel, mxnet, 0.86, [2.418194055557251, 0.03513693809509277]
4096, alexnet, intel, mxnet, 0.91, [2.418194055557251, 0.04028964042663574]
4096, alexnet, intel, mxnet, 0.93, [2.418194055557251, 0.03209090232849121]
4096, alexnet, intel, mxnet, 0.84, [2.418194055557251, 0.03638648986816406]
4096, resnet50, intel, mxnet, 3.420, [0.9446923732757568, 0.15663409233093262]
4096, resnet50, intel, mxnet, 0.159, [0.9446923732757568, 0.11719870567321777]
4096, resnet50, intel, mxnet, 0.77, [0.9446923732757568, 0.03289937973022461]
4096, resnet50, intel, mxnet, 0.74, [0.9446923732757568, 0.027576684951782227]
4096, resnet50, intel, mxnet, 0.122, [0.9446923732757568, 0.06924295425415039]
4096, resnet50, intel, mxnet, 0.79, [0.9446923732757568, 0.03415989875793457]
4096, resnet50, intel, mxnet, 0.101, [0.9446923732757568, 0.04106402397155762]
4096, resnet50, intel, mxnet, 0.89, [0.9446923732757568, 0.034605979919433594]
4096, resnet50, intel, mxnet, 0.75, [0.9446923732757568, 0.03470897674560547]
4096, resnet50, intel, mxnet, 0.74, [0.9446923732757568, 0.028759479522705078]
4096, resnet50, intel, mxnet, 0.113, [0.9446923732757568, 0.05753636360168457]
4096, resnet50, intel, mxnet, 0.83, [0.9446923732757568, 0.03754782676696777]
4096, resnet50, intel, mxnet, 0.71, [0.9446923732757568, 0.029558420181274414]
4096, resnet50, intel, mxnet, 0.86, [0.9446923732757568, 0.03039240837097168]
4096, resnet50, intel, mxnet, 0.91, [0.9446923732757568, 0.04564952850341797]
4096, resnet50, intel, mxnet, 0.85, [0.9446923732757568, 0.03520655632019043]
4096, resnet50, intel, mxnet, 0.81, [0.9446923732757568, 0.032486915588378906]
4096, resnet50, intel, mxnet, 0.81, [0.9446923732757568, 0.03078937530517578]
4096, resnet50, intel, mxnet, 0.78, [0.9446923732757568, 0.03296828269958496]
4096, resnet50, intel, mxnet, 0.75, [0.9446923732757568, 0.026837587356567383]
4096, inception_v3, intel, mxnet, 3.531, [1.0805432796478271, 0.1394500732421875]
4096, inception_v3, intel, mxnet, 0.193, [1.0805432796478271, 0.14740896224975586]
4096, inception_v3, intel, mxnet, 0.83, [1.0805432796478271, 0.033927202224731445]
4096, inception_v3, intel, mxnet, 0.70, [1.0805432796478271, 0.028371810913085938]
4096, inception_v3, intel, mxnet, 0.128, [1.0805432796478271, 0.07103586196899414]
4096, inception_v3, intel, mxnet, 0.77, [1.0805432796478271, 0.03182077407836914]
4096, inception_v3, intel, mxnet, 0.100, [1.0805432796478271, 0.03249025344848633]
4096, inception_v3, intel, mxnet, 0.99, [1.0805432796478271, 0.029412031173706055]
4096, inception_v3, intel, mxnet, 0.70, [1.0805432796478271, 0.02611064910888672]
4096, inception_v3, intel, mxnet, 0.84, [1.0805432796478271, 0.031049728393554688]
4096, inception_v3, intel, mxnet, 0.73, [1.0805432796478271, 0.02287602424621582]
4096, inception_v3, intel, mxnet, 0.95, [1.0805432796478271, 0.04064655303955078]
4096, inception_v3, intel, mxnet, 0.81, [1.0805432796478271, 0.031510114669799805]
4096, inception_v3, intel, mxnet, 0.83, [1.0805432796478271, 0.03170037269592285]
4096, inception_v3, intel, mxnet, 0.79, [1.0805432796478271, 0.029159069061279297]
4096, inception_v3, intel, mxnet, 0.67, [1.0805432796478271, 0.023227930068969727]
4096, inception_v3, intel, mxnet, 0.85, [1.0805432796478271, 0.03644895553588867]
4096, inception_v3, intel, mxnet, 0.80, [1.0805432796478271, 0.02538466453552246]
4096, inception_v3, intel, mxnet, 0.75, [1.0805432796478271, 0.026730775833129883]
4096, inception_v3, intel, mxnet, 0.71, [1.0805432796478271, 0.027188777923583984]
4096, mobilenet_v2, intel, mxnet, 2.543, [0.2260446548461914, 0.03758692741394043]
4096, mobilenet_v2, intel, mxnet, 0.177, [0.2260446548461914, 0.1358482837677002]
4096, mobilenet_v2, intel, mxnet, 0.79, [0.2260446548461914, 0.016736507415771484]
4096, mobilenet_v2, intel, mxnet, 0.79, [0.2260446548461914, 0.04159665107727051]
4096, mobilenet_v2, intel, mxnet, 0.70, [0.2260446548461914, 0.018843889236450195]
4096, mobilenet_v2, intel, mxnet, 0.71, [0.2260446548461914, 0.028234481811523438]
4096, mobilenet_v2, intel, mxnet, 0.118, [0.2260446548461914, 0.026985883712768555]
4096, mobilenet_v2, intel, mxnet, 0.78, [0.2260446548461914, 0.031202316284179688]
4096, mobilenet_v2, intel, mxnet, 0.62, [0.2260446548461914, 0.01372528076171875]
4096, mobilenet_v2, intel, mxnet, 0.92, [0.2260446548461914, 0.020450353622436523]
4096, mobilenet_v2, intel, mxnet, 0.83, [0.2260446548461914, 0.02268052101135254]
4096, mobilenet_v2, intel, mxnet, 0.82, [0.2260446548461914, 0.03408503532409668]
4096, mobilenet_v2, intel, mxnet, 0.59, [0.2260446548461914, 0.014761209487915039]
4096, mobilenet_v2, intel, mxnet, 0.75, [0.2260446548461914, 0.020384788513183594]
4096, mobilenet_v2, intel, mxnet, 0.88, [0.2260446548461914, 0.03335213661193848]
4096, mobilenet_v2, intel, mxnet, 0.79, [0.2260446548461914, 0.03477978706359863]
4096, mobilenet_v2, intel, mxnet, 0.64, [0.2260446548461914, 0.014254331588745117]
4096, mobilenet_v2, intel, mxnet, 0.83, [0.2260446548461914, 0.0194242000579834]
4096, mobilenet_v2, intel, mxnet, 0.83, [0.2260446548461914, 0.0343167781829834]
4096, mobilenet_v2, intel, mxnet, 0.60, [0.2260446548461914, 0.014511346817016602]
4096, mobilenet, intel, mxnet, 2.536, [0.1295640468597412, 0.032181739807128906]
4096, mobilenet, intel, mxnet, 0.158, [0.1295640468597412, 0.11350297927856445]
4096, mobilenet, intel, mxnet, 0.72, [0.1295640468597412, 0.01660943031311035]
4096, mobilenet, intel, mxnet, 0.53, [0.1295640468597412, 0.013126373291015625]
4096, mobilenet, intel, mxnet, 0.79, [0.1295640468597412, 0.02473163604736328]
4096, mobilenet, intel, mxnet, 0.55, [0.1295640468597412, 0.010925531387329102]
4096, mobilenet, intel, mxnet, 0.110, [0.1295640468597412, 0.018414974212646484]
4096, mobilenet, intel, mxnet, 0.58, [0.1295640468597412, 0.011024236679077148]
4096, mobilenet, intel, mxnet, 0.53, [0.1295640468597412, 0.009927988052368164]
4096, mobilenet, intel, mxnet, 0.57, [0.1295640468597412, 0.011593818664550781]
4096, mobilenet, intel, mxnet, 0.69, [0.1295640468597412, 0.011907339096069336]
4096, mobilenet, intel, mxnet, 0.62, [0.1295640468597412, 0.011102676391601562]
4096, mobilenet, intel, mxnet, 0.48, [0.1295640468597412, 0.010418415069580078]
4096, mobilenet, intel, mxnet, 0.78, [0.1295640468597412, 0.014077425003051758]
4096, mobilenet, intel, mxnet, 0.67, [0.1295640468597412, 0.015993356704711914]
4096, mobilenet, intel, mxnet, 0.53, [0.1295640468597412, 0.010186195373535156]
4096, mobilenet, intel, mxnet, 0.53, [0.1295640468597412, 0.009938955307006836]
4096, mobilenet, intel, mxnet, 0.63, [0.1295640468597412, 0.012830495834350586]
4096, mobilenet, intel, mxnet, 0.65, [0.1295640468597412, 0.010286331176757812]
4096, mobilenet, intel, mxnet, 0.60, [0.1295640468597412, 0.010572671890258789]
8192, vgg19, intel, mxnet, 7.983, [5.081908702850342, 0.5091557502746582]
8192, vgg19, intel, mxnet, 0.474, [5.081908702850342, 0.42874717712402344]
8192, vgg19, intel, mxnet, 0.251, [5.081908702850342, 0.19147849082946777]
8192, vgg19, intel, mxnet, 0.249, [5.081908702850342, 0.20688867568969727]
8192, vgg19, intel, mxnet, 0.289, [5.081908702850342, 0.23068666458129883]
8192, vgg19, intel, mxnet, 0.201, [5.081908702850342, 0.15197491645812988]
8192, vgg19, intel, mxnet, 0.203, [5.081908702850342, 0.13938140869140625]
8192, vgg19, intel, mxnet, 0.284, [5.081908702850342, 0.2364511489868164]
8192, vgg19, intel, mxnet, 0.196, [5.081908702850342, 0.15175724029541016]
8192, vgg19, intel, mxnet, 0.205, [5.081908702850342, 0.15263986587524414]
8192, vgg19, intel, mxnet, 0.289, [5.081908702850342, 0.22910141944885254]
8192, vgg19, intel, mxnet, 0.204, [5.081908702850342, 0.15810322761535645]
8192, vgg19, intel, mxnet, 0.199, [5.081908702850342, 0.15204286575317383]
8192, vgg19, intel, mxnet, 0.286, [5.081908702850342, 0.22405719757080078]
8192, vgg19, intel, mxnet, 0.320, [5.081908702850342, 0.24752569198608398]
8192, vgg19, intel, mxnet, 0.214, [5.081908702850342, 0.1582202911376953]
8192, vgg19, intel, mxnet, 0.233, [5.081908702850342, 0.13111162185668945]
8192, vgg19, intel, mxnet, 0.281, [5.081908702850342, 0.23322367668151855]
8192, vgg19, intel, mxnet, 0.207, [5.081908702850342, 0.15670990943908691]
8192, vgg19, intel, mxnet, 0.198, [5.081908702850342, 0.14299654960632324]
8192, vgg16, intel, mxnet, 7.995, [4.805905103683472, 0.4841036796569824]
8192, vgg16, intel, mxnet, 0.380, [4.805905103683472, 0.3383355140686035]
8192, vgg16, intel, mxnet, 0.245, [4.805905103683472, 0.16033148765563965]
8192, vgg16, intel, mxnet, 0.140, [4.805905103683472, 0.09210586547851562]
8192, vgg16, intel, mxnet, 0.246, [4.805905103683472, 0.1920630931854248]
8192, vgg16, intel, mxnet, 0.173, [4.805905103683472, 0.129927396774292]
8192, vgg16, intel, mxnet, 0.150, [4.805905103683472, 0.08227324485778809]
8192, vgg16, intel, mxnet, 0.238, [4.805905103683472, 0.1891171932220459]
8192, vgg16, intel, mxnet, 0.172, [4.805905103683472, 0.13026094436645508]
8192, vgg16, intel, mxnet, 0.142, [4.805905103683472, 0.09131360054016113]
8192, vgg16, intel, mxnet, 0.246, [4.805905103683472, 0.18910503387451172]
8192, vgg16, intel, mxnet, 0.181, [4.805905103683472, 0.13055801391601562]
8192, vgg16, intel, mxnet, 0.137, [4.805905103683472, 0.09370899200439453]
8192, vgg16, intel, mxnet, 0.241, [4.805905103683472, 0.1868607997894287]
8192, vgg16, intel, mxnet, 0.255, [4.805905103683472, 0.20975613594055176]
8192, vgg16, intel, mxnet, 0.175, [4.805905103683472, 0.12931418418884277]
8192, vgg16, intel, mxnet, 0.148, [4.805905103683472, 0.06157946586608887]
8192, vgg16, intel, mxnet, 0.235, [4.805905103683472, 0.18795418739318848]
8192, vgg16, intel, mxnet, 0.264, [4.805905103683472, 0.20507407188415527]
8192, vgg16, intel, mxnet, 0.176, [4.805905103683472, 0.13057279586791992]
8192, alexnet, intel, mxnet, 5.135, [2.382451057434082, 0.25096940994262695]
8192, alexnet, intel, mxnet, 0.240, [2.382451057434082, 0.19713401794433594]
8192, alexnet, intel, mxnet, 0.63, [2.382451057434082, 0.009798765182495117]
8192, alexnet, intel, mxnet, 0.64, [2.382451057434082, 0.01615118980407715]
8192, alexnet, intel, mxnet, 0.59, [2.382451057434082, 0.012313127517700195]
8192, alexnet, intel, mxnet, 0.59, [2.382451057434082, 0.010955333709716797]
8192, alexnet, intel, mxnet, 0.88, [2.382451057434082, 0.01825118064880371]
8192, alexnet, intel, mxnet, 0.65, [2.382451057434082, 0.010014533996582031]
8192, alexnet, intel, mxnet, 0.59, [2.382451057434082, 0.01358795166015625]
8192, alexnet, intel, mxnet, 0.95, [2.382451057434082, 0.017175912857055664]
8192, alexnet, intel, mxnet, 0.62, [2.382451057434082, 0.011387109756469727]
8192, alexnet, intel, mxnet, 0.79, [2.382451057434082, 0.02527475357055664]
8192, alexnet, intel, mxnet, 0.56, [2.382451057434082, 0.015030384063720703]
8192, alexnet, intel, mxnet, 0.67, [2.382451057434082, 0.013485908508300781]
8192, alexnet, intel, mxnet, 0.60, [2.382451057434082, 0.013268232345581055]
8192, alexnet, intel, mxnet, 0.57, [2.382451057434082, 0.013951539993286133]
8192, alexnet, intel, mxnet, 0.54, [2.382451057434082, 0.014164209365844727]
8192, alexnet, intel, mxnet, 0.66, [2.382451057434082, 0.01201629638671875]
8192, alexnet, intel, mxnet, 0.58, [2.382451057434082, 0.013275623321533203]
8192, alexnet, intel, mxnet, 0.61, [2.382451057434082, 0.013082027435302734]
8192, resnet50, intel, mxnet, 3.424, [0.9691436290740967, 0.07580709457397461]
8192, resnet50, intel, mxnet, 0.146, [0.9691436290740967, 0.10652494430541992]
8192, resnet50, intel, mxnet, 0.72, [0.9691436290740967, 0.024084091186523438]
8192, resnet50, intel, mxnet, 0.82, [0.9691436290740967, 0.035352468490600586]
8192, resnet50, intel, mxnet, 0.84, [0.9691436290740967, 0.03308749198913574]
8192, resnet50, intel, mxnet, 0.70, [0.9691436290740967, 0.023940563201904297]
8192, resnet50, intel, mxnet, 0.130, [0.9691436290740967, 0.030236244201660156]
8192, resnet50, intel, mxnet, 0.66, [0.9691436290740967, 0.019320011138916016]
8192, resnet50, intel, mxnet, 0.91, [0.9691436290740967, 0.04218864440917969]
8192, resnet50, intel, mxnet, 0.69, [0.9691436290740967, 0.02069401741027832]
8192, resnet50, intel, mxnet, 0.74, [0.9691436290740967, 0.022396564483642578]
8192, resnet50, intel, mxnet, 0.79, [0.9691436290740967, 0.03189682960510254]
8192, resnet50, intel, mxnet, 0.66, [0.9691436290740967, 0.02144765853881836]
8192, resnet50, intel, mxnet, 0.82, [0.9691436290740967, 0.02026653289794922]
8192, resnet50, intel, mxnet, 0.79, [0.9691436290740967, 0.018762588500976562]
8192, resnet50, intel, mxnet, 0.76, [0.9691436290740967, 0.02448248863220215]
8192, resnet50, intel, mxnet, 0.64, [0.9691436290740967, 0.020830392837524414]
8192, resnet50, intel, mxnet, 0.78, [0.9691436290740967, 0.01817154884338379]
8192, resnet50, intel, mxnet, 0.62, [0.9691436290740967, 0.018337488174438477]
8192, resnet50, intel, mxnet, 0.78, [0.9691436290740967, 0.019079923629760742]
8192, inception_v3, intel, mxnet, 3.624, [1.1159040927886963, 0.10144710540771484]
8192, inception_v3, intel, mxnet, 0.224, [1.1159040927886963, 0.18433523178100586]
8192, inception_v3, intel, mxnet, 0.91, [1.1159040927886963, 0.025382518768310547]
8192, inception_v3, intel, mxnet, 0.64, [1.1159040927886963, 0.01857900619506836]
8192, inception_v3, intel, mxnet, 0.91, [1.1159040927886963, 0.02286982536315918]
8192, inception_v3, intel, mxnet, 0.101, [1.1159040927886963, 0.0554041862487793]
8192, inception_v3, intel, mxnet, 0.109, [1.1159040927886963, 0.029491662979125977]
8192, inception_v3, intel, mxnet, 0.68, [1.1159040927886963, 0.01943230628967285]
8192, inception_v3, intel, mxnet, 0.79, [1.1159040927886963, 0.028525114059448242]
8192, inception_v3, intel, mxnet, 0.63, [1.1159040927886963, 0.019930362701416016]
8192, inception_v3, intel, mxnet, 0.70, [1.1159040927886963, 0.02107834815979004]
8192, inception_v3, intel, mxnet, 0.94, [1.1159040927886963, 0.04001879692077637]
8192, inception_v3, intel, mxnet, 0.60, [1.1159040927886963, 0.0165863037109375]
8192, inception_v3, intel, mxnet, 0.107, [1.1159040927886963, 0.039304256439208984]
8192, inception_v3, intel, mxnet, 0.67, [1.1159040927886963, 0.020091772079467773]
8192, inception_v3, intel, mxnet, 0.69, [1.1159040927886963, 0.019247770309448242]
8192, inception_v3, intel, mxnet, 0.83, [1.1159040927886963, 0.03514695167541504]
8192, inception_v3, intel, mxnet, 0.90, [1.1159040927886963, 0.02289581298828125]
8192, inception_v3, intel, mxnet, 0.85, [1.1159040927886963, 0.03717517852783203]
8192, inception_v3, intel, mxnet, 0.62, [1.1159040927886963, 0.017135143280029297]
8192, mobilenet_v2, intel, mxnet, 2.674, [0.26779985427856445, 0.04095602035522461]
8192, mobilenet_v2, intel, mxnet, 0.173, [0.26779985427856445, 0.13178396224975586]
8192, mobilenet_v2, intel, mxnet, 0.82, [0.26779985427856445, 0.019791841506958008]
8192, mobilenet_v2, intel, mxnet, 0.54, [0.26779985427856445, 0.015170812606811523]
8192, mobilenet_v2, intel, mxnet, 0.80, [0.26779985427856445, 0.03169083595275879]
8192, mobilenet_v2, intel, mxnet, 0.72, [0.26779985427856445, 0.023149967193603516]
8192, mobilenet_v2, intel, mxnet, 0.103, [0.26779985427856445, 0.021319866180419922]
8192, mobilenet_v2, intel, mxnet, 0.70, [0.26779985427856445, 0.014497756958007812]
8192, mobilenet_v2, intel, mxnet, 0.62, [0.26779985427856445, 0.01849961280822754]
8192, mobilenet_v2, intel, mxnet, 0.64, [0.26779985427856445, 0.018938541412353516]
8192, mobilenet_v2, intel, mxnet, 0.74, [0.26779985427856445, 0.019479751586914062]
8192, mobilenet_v2, intel, mxnet, 0.70, [0.26779985427856445, 0.019884109497070312]
8192, mobilenet_v2, intel, mxnet, 0.68, [0.26779985427856445, 0.01834392547607422]
8192, mobilenet_v2, intel, mxnet, 0.77, [0.26779985427856445, 0.020133256912231445]
8192, mobilenet_v2, intel, mxnet, 0.78, [0.26779985427856445, 0.026329994201660156]
8192, mobilenet_v2, intel, mxnet, 0.67, [0.26779985427856445, 0.017919063568115234]
8192, mobilenet_v2, intel, mxnet, 0.65, [0.26779985427856445, 0.02137017250061035]
8192, mobilenet_v2, intel, mxnet, 0.69, [0.26779985427856445, 0.019143104553222656]
8192, mobilenet_v2, intel, mxnet, 0.70, [0.26779985427856445, 0.01822638511657715]
8192, mobilenet_v2, intel, mxnet, 0.70, [0.26779985427856445, 0.02064347267150879]
8192, mobilenet, intel, mxnet, 2.836, [0.1312558650970459, 0.030547618865966797]
8192, mobilenet, intel, mxnet, 0.156, [0.1312558650970459, 0.11397480964660645]
8192, mobilenet, intel, mxnet, 0.60, [0.1312558650970459, 0.012281179428100586]
8192, mobilenet, intel, mxnet, 0.55, [0.1312558650970459, 0.00816035270690918]
8192, mobilenet, intel, mxnet, 0.63, [0.1312558650970459, 0.012460947036743164]
8192, mobilenet, intel, mxnet, 0.55, [0.1312558650970459, 0.010680913925170898]
8192, mobilenet, intel, mxnet, 0.80, [0.1312558650970459, 0.018976211547851562]
8192, mobilenet, intel, mxnet, 0.63, [0.1312558650970459, 0.010593891143798828]
8192, mobilenet, intel, mxnet, 0.58, [0.1312558650970459, 0.00972747802734375]
8192, mobilenet, intel, mxnet, 0.65, [0.1312558650970459, 0.01569533348083496]
8192, mobilenet, intel, mxnet, 0.61, [0.1312558650970459, 0.011915206909179688]
8192, mobilenet, intel, mxnet, 0.59, [0.1312558650970459, 0.011143684387207031]
8192, mobilenet, intel, mxnet, 0.76, [0.1312558650970459, 0.010198354721069336]
8192, mobilenet, intel, mxnet, 0.68, [0.1312558650970459, 0.013568401336669922]
8192, mobilenet, intel, mxnet, 0.64, [0.1312558650970459, 0.011556386947631836]
8192, mobilenet, intel, mxnet, 0.61, [0.1312558650970459, 0.010351896286010742]
8192, mobilenet, intel, mxnet, 0.54, [0.1312558650970459, 0.009740352630615234]
8192, mobilenet, intel, mxnet, 0.63, [0.1312558650970459, 0.012157201766967773]
8192, mobilenet, intel, mxnet, 0.58, [0.1312558650970459, 0.00981450080871582]
8192, mobilenet, intel, mxnet, 0.61, [0.1312558650970459, 0.01026463508605957]
